zip,schoolid,rank,rankOf,rankStars,rankStatewidePercentage,averageStandardScore,isPrivate,has_elementary,has_middle,has_high
90001,61648258849.4,2499.6,3770.0,1.6,32.665,30.65371,0.0,True,True,True
90002,61851917079.6,3507.25,4490.75,1.0,22.119999999999997,22.59364875,0.0,True,True,True
90003,61036839816.8,2792.8888888888887,4293.444444444444,2.0,40.264444444444436,38.484602222222215,0.0,True,True,True
90004,61754895227.25,2183.625,4875.0,2.625,55.1175,51.60554875,0.0,True,False,True
90005,61588421844.77778,2005.375,3649.5,2.25,45.96,42.589337499999985,0.0,True,True,True
90006,61968377755.0,4072.0,4764.333333333333,0.6666666666666666,13.338333333333336,16.783618333333333,0.0,True,True,False
90007,61345486563.888885,3058.5,4033.75,1.625,32.0225,31.49634125,0.0,True,True,True
90008,61379150504.57143,3114.8333333333335,4155.0,1.3333333333333333,30.436666666666667,29.898301666666665,0.0,True,True,True
90010,61221662672.5,1012.0,2715.0,3.0,62.73,55.44611999999999,0.0,False,True,False
90011,61450681535.0,3042.1,4135.6,1.5,28.187,27.135184,0.0,True,True,True
90012,62271005855.2,2104.4,4326.6,2.8,55.424,54.06308,0.0,True,False,True
90014,60201910853.0,,,,,,0.0,True,False,False
90015,60903989438.22222,2366.8,4326.6,2.4,47.709999999999994,45.671864,0.0,True,False,True
90016,61502669424.625,3106.3333333333335,4667.333333333333,1.6666666666666667,31.203333333333333,28.865296666666666,0.0,True,True,True
90017,61563432830.0,2766.1666666666665,3448.6666666666665,1.1666666666666667,23.12166666666667,23.10657,0.0,True,True,True
90018,61232196676.625,2515.0,4443.0,2.4,47.354000000000006,43.343514,0.0,True,True,True
90019,61750770317.125,2977.375,4106.5,1.5,30.97125,30.714761250000002,0.0,True,True,True
90020,60174112738.0,3994.0,5789.0,2.0,31.01,29.226909999999997,0.0,True,False,False
90021,61687864966.71429,2830.6666666666665,3448.6666666666665,0.6666666666666666,14.949999999999998,16.335449999999998,0.0,True,True,True
90022,61650218649.6,2809.0,4388.428571428572,1.7142857142857142,36.10571428571429,33.53794571428572,0.0,True,True,True
90023,61442269930.8,3371.0,4827.571428571428,1.7142857142857142,33.58428571428571,32.61263857142857,0.0,True,True,True
90024,62271003142.333336,494.0,4764.333333333333,4.333333333333333,83.90333333333334,81.07222999999999,0.0,True,True,False
90025,61853684863.8,1599.0,4326.6,3.4,66.75800000000001,65.134558,0.0,True,False,True
90026,61228448969.2,2107.6,3961.0,2.3,46.807,44.30419,0.0,True,False,True
90027,62271003115.0,878.6666666666666,4570.333333333333,4.333333333333333,79.98666666666666,78.22248333333333,0.0,True,False,True
90028,61676592777.28571,1822.4285714285713,3783.0,2.2857142857142856,46.51428571428571,43.19571428571429,0.0,True,True,True
90029,62271006411.6,3221.5,5020.5,2.25,41.26,39.548905,0.0,True,True,False
90031,61860094954.8,2959.9,4750.4,1.7,38.721,36.883848,0.0,True,True,True
90032,62574551080.77778,2624.375,4490.75,2.5,49.567499999999995,48.2024975,0.0,True,True,True
90033,62745628063.9,2676.0,3961.0,1.9,38.363,37.857227,0.0,True,False,True
90034,62014691697.375,1699.875,4106.5,2.75,55.65625,53.72525875000001,0.0,True,True,True
90035,62271004905.666664,1833.6666666666667,4570.333333333333,3.3333333333333335,67.16666666666667,67.25220333333333,0.0,True,False,True
90036,62271003067.0,965.0,5789.0,4.0,83.33,84.02783000000001,0.0,True,False,False
90037,61016559507.0,2967.1111111111113,4976.555555555556,1.8888888888888888,41.80111111111111,40.222936666666655,0.0,True,False,True
90038,61743105120.5,3653.0,4764.333333333333,1.0,22.39333333333333,23.161246666666667,0.0,True,True,False
90039,62271002941.4,2180.2,5789.0,3.2,62.342,60.08788,0.0,True,False,False
90040,64733940124.0,4756.5,5789.0,1.0,17.835,20.465175,0.0,True,False,True
90041,61853464617.4,1080.0,4326.6,3.6,73.79,71.04145600000001,0.0,True,False,True
90042,62015767151.625,3158.0,4875.0,1.75,37.71125,36.2258675,0.0,True,False,True
90043,61119697349.333336,3543.3333333333335,4228.777777777777,1.0,22.444444444444443,23.75171444444445,0.0,True,True,True
90044,62062908803.3,3178.222222222222,3822.5555555555557,0.8888888888888888,18.552222222222223,19.87969,0.0,True,True,True
90045,62271005007.833336,1602.5,4764.333333333333,3.0,61.69166666666667,59.18897333333334,0.0,True,True,False
90046,61854884641.8,2051.5,4875.0,3.0,60.59250000000001,60.5749775,0.0,True,False,True
90047,61228692661.666664,1561.0,2249.4,1.6,31.134000000000004,28.225720000000003,0.0,False,True,True
90048,62271003110.0,3036.0,5789.0,2.5,47.555,43.216094999999996,0.0,True,False,False
90049,62271002970.333336,1161.0,5789.0,4.0,79.94333333333333,78.10550333333333,0.0,True,False,False
90057,61493184186.75,3254.1666666666665,4570.333333333333,1.5,34.45,33.910358333333335,0.0,True,False,True
90058,62271003261.0,4238.0,5789.0,1.5,26.795,27.140275,0.0,True,False,False
90062,60897333667.666664,3201.5714285714284,3593.285714285714,0.7142857142857143,13.764285714285714,15.89417,0.0,True,True,True
90063,61583197844.0,1871.125,3192.5,2.0,41.61000000000001,39.033617500000005,0.0,True,True,True
90064,61439887090.8,1270.6,4443.0,3.0,60.158,58.777606000000006,0.0,True,True,True
90065,61583117320.888885,2813.1111111111113,4635.0,2.111111111111111,45.21000000000001,44.45508555555556,0.0,True,True,True
90066,61356885445.111115,1702.4285714285713,4910.714285714285,3.2857142857142856,60.44571428571429,58.05891571428571,0.0,True,True,True
90069,62271003451.0,624.0,5789.0,4.0,89.22,90.33614,0.0,True,False,False
90071,60215663496.0,414.5,2133.0,4.0,80.57,77.185845,0.0,False,False,True
90094,62271013195.0,1527.0,5789.0,4.0,73.62,71.75773000000001,0.0,True,False,False
90201,62424337359.44444,3284.75,4490.75,1.625,30.1175,29.561840000000004,0.0,True,True,True
90211,60483000475.0,980.0,5789.0,4.0,83.07,83.73631999999999,0.0,True,False,False
90212,60483000471.0,410.5,3961.0,4.5,90.05000000000001,88.96597,0.0,False,True,True
90220,60962003452.111115,2653.714285714286,3949.285714285714,1.2857142857142858,28.09857142857143,26.98765714285714,0.0,True,True,True
90221,60743954910.25,3116.1666666666665,5179.666666666667,2.0,38.846666666666664,35.51230666666667,0.0,True,False,True
90222,60883573598.5,2585.1,4384.8,1.9,40.81999999999999,38.750979,0.0,True,True,True
90230,61181628989.875,839.2857142857143,4305.285714285715,3.7142857142857144,75.74428571428572,74.39934428571428,0.0,True,True,True
90232,61026001120.5,1527.5,5789.0,3.5,73.61500000000001,72.01711,0.0,True,False,False
90241,61146001267.6,1701.0,3711.8,2.4,50.736000000000004,47.013724,0.0,True,True,True
90242,61004129325.375,2335.6,5174.2,2.8,55.24400000000001,50.47076,0.0,True,True,True
90245,60839832735.75,676.75,3119.75,3.75,71.27,69.7605425,0.0,True,True,True
90247,61970975891.42857,3119.8571428571427,4910.714285714285,1.8571428571428572,36.32,33.70068285714285,0.0,True,True,False
90250,61138395232.5,2092.8571428571427,3783.0,2.2857142857142856,43.34571428571428,40.61588714285714,0.0,True,True,True
90254,61704002132.5,124.0,2715.0,5.0,95.43,95.27677,0.0,True,True,False
90255,60384241230.5,2090.6,3711.8,2.3,45.471000000000004,42.016036,0.0,True,True,True
90260,61398066086.6,1887.3,3653.6,2.4,44.507999999999996,42.503238,0.0,True,True,True
90262,62316006957.1,2759.2,4135.6,1.6,31.446000000000005,29.660949999999996,0.0,True,True,True
90270,61982237751.57143,2765.3333333333335,4570.333333333333,2.3333333333333335,41.39,38.45059,0.0,True,False,True
90277,60003205929.666664,517.2,3711.8,4.0,79.596,78.46493000000001,0.0,True,True,True
90278,60003204955.5,434.8333333333333,5276.666666666667,4.666666666666667,91.815,92.20865333333332,0.0,True,True,False
90280,61667275534.333336,2700.3333333333335,5382.777777777777,2.4444444444444446,52.291111111111114,48.682097777777784,0.0,True,False,True
90290,62271003401.0,915.0,5789.0,4.0,84.19,84.75867,0.0,True,False,False
90292,62271002822.0,3557.0,5789.0,2.0,38.56,34.69587,0.0,True,False,False
90301,61185846646.5,2685.2,3404.4,1.1,23.671000000000003,24.53194,0.0,True,True,True
90303,61275281316.0,3745.375,4947.75,1.375,26.424999999999997,25.794727499999997,0.0,True,True,True
90304,61894469504.625,2203.285714285714,4827.571428571428,2.857142857142857,55.862857142857145,51.08677428571429,0.0,True,True,True
90403,63570006094.666664,187.66666666666666,4764.333333333333,5.0,95.62333333333333,95.52891000000001,0.0,True,True,False
90404,63570008770.333336,1122.0,5789.0,4.0,80.61500000000001,81.02493000000001,0.0,True,False,False
90405,63570006276.14286,971.5,4667.333333333333,4.166666666666667,80.48166666666667,79.14758,0.0,True,True,True
90501,63141678845.57143,1499.2,4443.0,3.0,59.938,56.596398,0.0,True,True,True
90503,63942005690.0,536.0,3944.6,4.4,86.786,86.00321199999999,0.0,True,True,False
90504,63942006559.14286,970.0,4388.428571428572,3.857142857142857,78.50571428571428,76.69691285714286,0.0,True,True,True
90505,63942007101.4,415.75,4252.0,4.75,90.6675,91.2377275,0.0,True,True,False
90602,62715004126.5,3021.0,5789.0,2.0,47.815,42.765240000000006,0.0,True,False,False
90604,62408628635.625,1450.7142857142858,3866.1428571428573,2.857142857142857,59.107142857142854,55.967679999999994,0.0,True,True,True
90606,63511881584.125,1733.857142857143,4388.428571428572,3.0,60.84571428571429,55.64308714285714,0.0,True,True,True
90620,61045751698.25,1623.0,5349.857142857143,3.2857142857142856,68.38714285714286,65.31574857142857,0.0,True,True,True
90621,60756002721.71429,2644.5,5179.666666666667,2.6666666666666665,49.278333333333336,45.86772833333333,0.0,True,False,True
90631,61986378420.625,2878.75,4947.75,2.0,44.075,42.59353375,0.0,True,True,True
90638,62769004165.0,1463.0,4827.571428571428,3.4285714285714284,68.84,66.01702857142858,0.0,True,True,True
90640,62547005812.28571,3274.8333333333335,4155.0,1.1666666666666667,24.21166666666667,25.256565,0.0,True,True,True
90650,62711404285.3,3108.0,5116.0,1.8,38.073,36.630358,0.0,True,True,True
90680,61915508874.5,1983.0,5789.0,3.0,65.75,61.703140000000005,0.0,True,False,False
90701,60162000014.75,2096.75,5020.5,3.0,59.5575,55.408895,0.0,True,True,False
90703,60162001032.6,656.5,4077.4,4.1,80.618,79.32794700000001,0.0,True,True,True
90706,60406506088.875,2600.2,5057.8,2.8,51.352,46.986798,0.0,True,False,True
90710,62271004942.0,2684.0,3961.0,1.8333333333333333,32.75666666666667,30.89731333333333,0.0,True,False,True
90712,61811338538.888885,2067.25,4947.75,2.875,55.01125,52.60847625000001,0.0,True,True,True
90715,60162000016.0,2754.0,5057.8,2.4,46.12,41.881022,0.0,True,False,True
90717,62271003049.333336,1754.6666666666667,4764.333333333333,3.3333333333333335,61.23333333333333,56.87501666666666,0.0,True,True,False
90720,62259006035.375,142.875,4563.5,5.0,96.5375,96.124275,0.0,True,True,True
90723,62985007847.4,2765.1,4866.8,2.1,41.916000000000004,37.951826999999994,0.0,True,True,False
90731,61804360528.22222,2723.8888888888887,4570.333333333333,2.2222222222222223,44.736666666666665,42.692879999999995,0.0,True,False,True
90740,62259008885.0,520.0,5789.0,5.0,91.02,92.02150999999999,0.0,True,False,False
90744,62271005928.77778,2960.1111111111113,4570.333333333333,1.8888888888888888,38.69111111111111,38.49912333333333,0.0,True,False,True
90747,62250009901.0,25.0,2133.0,5.0,98.83,98.8618,0.0,False,False,True
90755,62250002732.5,1365.5,4252.0,3.5,65.295,60.370215,0.0,True,True,False
90802,62250004753.0,2617.25,5020.5,2.5,47.235,42.781355,0.0,True,True,False
90803,62250002742.8,640.8,5174.2,4.6,88.09,87.012212,0.0,True,True,False
90804,62250004636.5,1875.4,4443.0,3.0,58.279999999999994,52.890150000000006,0.0,True,True,True
90805,62341879138.625,2909.125,4947.75,2.0,39.87125,36.15042875,0.0,True,True,True
90806,62250004252.6,2321.4,5789.0,3.2,59.89999999999999,55.834264,0.0,True,False,False
90807,61567889673.833336,1469.8333333333333,4155.0,3.0,63.06,62.35747333333333,0.0,True,True,True
90808,62250005415.875,743.875,4179.25,4.0,82.515,81.116955,0.0,True,True,True
90813,61726608079.75,1777.142857142857,3699.8571428571427,2.4285714285714284,49.68571428571429,45.408158571428565,0.0,True,False,True
90814,62250002708.0,1530.5,5789.0,4.0,73.56,71.25616,0.0,True,False,False
91001,61806050967.71429,3019.8333333333335,4667.333333333333,1.6666666666666667,36.63166666666667,35.60194,0.0,True,True,True
91006,60449001928.833336,639.6,3944.6,4.6,87.486,86.491738,0.0,True,True,False
91016,62532005169.57143,1189.3333333333333,4058.0,3.3333333333333335,67.84,64.61426166666668,0.0,True,True,True
91101,62994007601.0,2801.0,3961.0,1.0,21.294999999999998,22.33528,0.0,True,False,True
91103,62443188053.4,3063.0,4106.5,1.25,23.9475,23.638412499999998,0.0,True,True,True
91104,62994004678.0,2944.6666666666665,4570.333333333333,2.0,43.653333333333336,42.25561666666667,0.0,True,False,True
91105,62994004686.0,1532.0,5789.0,4.0,73.54,71.67123000000001,0.0,True,False,False
91106,62994004668.0,3132.0,3961.0,1.5,28.605,29.448999999999998,0.0,True,False,True
91201,61524001927.0,1369.3333333333333,5789.0,4.0,76.34333333333332,74.89864333333334,0.0,True,False,False
91202,61524001938.0,765.0,3545.6666666666665,4.0,75.94333333333334,72.94179666666666,0.0,True,True,True
91203,61524001922.0,3410.0,5789.0,2.0,41.1,36.68815,0.0,True,False,False
91204,61524007794.0,2047.0,5789.0,3.0,64.64,60.38768,0.0,True,False,False
91205,61524001934.0,1803.6,5057.8,3.2,64.138,60.21002,0.0,True,False,True
91206,61524001939.6,1458.2,3828.2,3.0,57.077999999999996,53.037977999999995,0.0,True,True,True
91207,61524001930.0,,,,,,0.0,False,False,False
91208,61524001938.5,1061.0,5789.0,4.0,81.67,81.97755,0.0,True,False,False
91214,61524004253.57143,510.5,4570.333333333333,4.5,89.72666666666667,89.58088,0.0,True,False,True
91301,62100005376.14286,819.8,4443.0,4.2,81.21000000000001,79.342692,0.0,True,True,True
91303,61375135061.71429,3339.4285714285716,4744.428571428572,1.5714285714285714,29.291428571428572,27.96070142857143,0.0,True,False,True
91304,61679976978.71429,2603.0,5276.666666666667,2.3333333333333335,47.580000000000005,46.56266166666666,0.0,True,True,False
91306,61681907136.85714,3227.5714285714284,4471.571428571428,1.2857142857142858,28.335714285714285,28.711440000000003,0.0,True,True,False
91311,62271005640.5,1452.4,3711.8,2.8,56.4,52.301534000000004,0.0,True,True,True
91316,62271006327.333336,1169.6666666666667,5789.0,4.333333333333333,79.79666666666667,78.29391666666668,0.0,True,False,False
91320,60964003619.0,1009.875,4947.75,4.125,80.37375,79.0429525,0.0,True,True,True
91321,63471436793.14286,1448.4285714285713,4827.571428571428,3.7142857142857144,72.22428571428571,69.76024714285714,0.0,True,True,True
91324,61847725281.0,2171.2,4559.4,2.6,52.974000000000004,52.420449999999995,0.0,True,True,False
91325,61930072474.166664,1671.3333333333333,5179.666666666667,3.3333333333333335,68.1,64.27422833333334,0.0,True,False,True
91326,62271005467.75,731.0,5789.0,4.25,87.375,87.90756750000001,0.0,True,False,False
91331,61449756657.1,3023.777777777778,4293.444444444444,1.4444444444444444,28.525555555555552,28.03714888888889,0.0,True,True,True
91335,62046794213.888885,3356.0,4570.333333333333,1.6666666666666667,29.898333333333337,29.864425,0.0,True,False,True
91340,62045264251.77778,2315.25,3504.0,1.75,34.11,33.68556125,0.0,True,False,True
91342,61758016605.0,2942.25,4875.0,1.875,37.477500000000006,35.8480825,0.0,True,False,True
91343,62271004498.85714,3417.1428571428573,4305.285714285715,1.1428571428571428,21.54714285714286,21.71994857142857,0.0,True,True,True
91344,61978088741.14286,1831.8333333333333,4667.333333333333,2.8333333333333335,57.27333333333332,53.95034999999999,0.0,True,True,True
91350,63271240326.111115,1561.125,5332.0,3.25,66.95625,65.00954125,0.0,True,False,True
91352,61113019761.666664,2451.4444444444443,4228.777777777777,2.111111111111111,42.88222222222222,40.24640000000001,0.0,True,True,True
91354,63858610156.0,586.8,4559.4,4.4,87.77599999999998,87.905946,0.0,True,True,False
91355,62855240657.111115,711.375,3961.0,4.125,82.39375,81.46759625000001,0.0,True,False,True
91356,62271003337.75,2123.5,5020.5,3.0,60.47,58.4391875,0.0,True,True,False
91360,60853132904.57143,1870.1666666666667,5789.0,3.5,67.69333333333334,66.17987833333332,0.0,True,False,True
91362,60827970752.333336,1283.6666666666667,4155.0,3.3333333333333335,66.91166666666666,66.22718833333333,0.0,True,True,True
91367,61854843107.6,1095.6,4443.0,3.8,76.918,75.21531,0.0,True,True,True
91384,61190681511.71429,1397.5,5020.5,3.75,72.1125,69.2190425,0.0,True,True,True
91387,63094069442.0,1558.25,5789.0,3.5,73.0825,71.2272925,0.0,True,False,False
91401,61921539465.0,2554.3333333333335,4570.333333333333,1.8333333333333333,37.18666666666667,35.81829,0.0,True,False,True
91402,62058569830.8,3338.8888888888887,4635.0,1.3333333333333333,26.999999999999996,26.525568888888884,0.0,True,True,True
91403,61240457603.5,1119.0,4252.0,3.5,71.05499999999999,67.238675,0.0,True,True,False
91405,61494421186.75,3108.875,4490.75,1.875,32.7075,32.6308275,0.0,True,True,True
91406,61802782705.111115,2782.25,3961.0,1.875,38.811249999999994,38.1530975,0.0,True,False,True
91411,61922288481.0,2002.3333333333333,3545.6666666666665,2.0,39.12166666666666,39.12334333333333,0.0,True,True,True
91423,62271003152.333336,1056.0,4764.333333333333,4.0,76.61666666666666,74.45913,0.0,True,True,False
91501,60645000570.5,1214.5,5789.0,4.0,79.02000000000001,78.913175,0.0,True,False,False
91502,60645004288.0,591.0,2133.0,4.0,72.29,67.72183000000001,0.0,False,False,True
91504,60645003579.0,1104.3333333333333,4764.333333333333,4.0,78.59666666666665,77.20381666666667,0.0,True,True,False
91505,60645002793.166664,815.6666666666666,4667.333333333333,4.0,82.32333333333334,81.63298,0.0,True,True,True
91506,60645003775.75,961.3333333333334,2327.0,3.0,57.60666666666666,54.09288333333333,0.0,False,True,True
91601,61980822893.71429,2434.6666666666665,3961.0,1.8333333333333333,37.915,36.00473,0.0,True,False,True
91604,62271002898.0,605.0,5789.0,4.0,89.55,90.74278000000001,0.0,True,False,False
91605,62271004873.75,3891.5714285714284,5349.857142857143,1.4285714285714286,28.107142857142858,27.577105714285718,0.0,True,True,False
91606,61918190853.333336,3016.3333333333335,5276.666666666667,2.1666666666666665,40.97833333333333,39.059333333333335,0.0,True,True,False
91607,62271002901.5,1259.0,5789.0,4.0,78.25,76.07426500000001,0.0,True,False,False
91702,60360001599.9,2718.1111111111113,4293.444444444444,1.4444444444444444,33.86333333333333,31.963990000000006,0.0,True,True,True
91706,60369000328.111115,3130.5555555555557,4699.666666666667,1.6666666666666667,35.05222222222223,33.158965555555554,0.0,True,True,True
91708,60846012552.0,1672.0,5789.0,4.0,71.12,68.50253000000001,0.0,True,False,False
91709,60846007627.5,1181.0,4635.0,3.4444444444444446,71.26,70.81410888888888,0.0,True,True,True
91710,60720303514.6,2196.4,4326.6,2.4,46.058,43.92381,0.0,True,False,True
91722,60843750890.125,1823.75,4033.75,2.5,51.324999999999996,47.701476250000006,0.0,True,True,True
91730,60934170107.0,2359.6666666666665,5276.666666666667,2.8333333333333335,56.00333333333333,52.76435833333333,0.0,True,True,False
91731,61209859377.85714,2364.8333333333335,5179.666666666667,2.8333333333333335,55.89333333333334,51.84593666666667,0.0,True,False,True
91732,62055602544.6,2470.2,4443.0,2.2,43.099000000000004,39.80206,0.0,True,True,True
91733,62099627899.75,2626.875,4947.75,2.375,48.76,44.9675325,0.0,True,True,True
91739,61236009692.25,540.2857142857143,4388.428571428572,4.428571428571429,87.42571428571429,86.77648571428573,0.0,True,True,True
91740,61084502499.75,1525.8333333333333,4570.333333333333,2.8333333333333335,58.05833333333333,55.81439,0.0,True,False,True
91744,61647542850.5,2509.714285714286,5266.714285714285,2.5714285714285716,51.511428571428574,47.392272857142856,0.0,True,False,True
91745,61632503128.1,1418.6,5057.8,3.7,72.16,69.773013,0.0,True,False,True
91748,63375006561.333336,1281.2,4443.0,3.8,74.55,73.08626799999999,0.0,True,True,True
91750,62697705990.0,836.75,3961.0,3.75,71.1025,70.3692025,0.0,True,False,True
91754,60972787946.6,1256.6,5789.0,3.8,78.29400000000001,77.454846,0.0,True,False,False
91755,61845002532.0,1355.0,4764.333333333333,3.3333333333333335,67.68333333333334,63.680673333333324,0.0,True,True,False
91761,61786796681.22222,2632.75,4563.5,2.125,44.65375,41.37049,0.0,True,True,True
91762,62395671259.333336,2709.222222222222,4635.0,2.111111111111111,43.946666666666665,40.243500000000004,0.0,True,True,True
91763,62593129944.125,2291.0,5332.0,2.875,58.223749999999995,53.4464725,0.0,True,False,True
91764,62440806395.3,3240.222222222222,5382.777777777777,2.2222222222222223,42.6411111111111,40.77866555555555,0.0,True,False,True
91765,63701148988.0,1052.7142857142858,4827.571428571428,4.142857142857143,81.16999999999999,79.73559285714285,0.0,True,True,True
91766,63132006521.4,2987.7,4692.2,1.9,38.983,37.676975000000006,0.0,True,False,True
91767,63132004849.888885,3565.3333333333335,4635.0,1.1111111111111112,22.947777777777773,24.002744444444446,0.0,True,True,True
91768,63878980666.5,2828.875,4490.75,2.125,41.29125,39.917635,0.0,True,True,True
91770,62439005718.22222,1153.25,5020.5,3.875,77.73,76.49686125,0.0,True,True,False
91773,60561002729.166664,1355.4,5057.8,3.2,64.78999999999999,64.644988,0.0,True,False,True
91775,63556377063.5,855.0,5789.0,4.0,85.23,85.8361275,0.0,True,False,False
91784,60001609289.0,679.3333333333334,4764.333333333333,4.0,85.48,85.37276000000001,0.0,True,True,False
91786,60001609089.625,2849.0,5332.0,2.25,44.73375,41.643142499999996,0.0,True,False,True
91790,63676320924.625,2202.285714285714,4827.571428571428,2.7142857142857144,54.748571428571424,50.516000000000005,0.0,True,True,True
91791,63287148811.71429,1370.1666666666667,4667.333333333333,3.3333333333333335,65.06666666666668,62.888278333333325,0.0,True,True,True
91792,63375007804.333336,2707.6666666666665,4764.333333333333,2.0,39.876666666666665,36.083349999999996,0.0,True,True,False
91801,60015310933.0,1647.75,3961.0,3.0,54.7575,51.91813500000001,0.0,True,False,True
91803,60015310938.25,2363.25,5789.0,2.75,59.175,54.86685,0.0,True,False,False
91901,60199824960.0,1587.5,5020.5,3.0,68.135,64.29357999999999,0.0,True,True,False
91910,62563007036.75,1355.142857142857,4910.714285714285,3.4285714285714284,69.67285714285714,67.57935142857143,0.0,True,True,False
91911,61930635333.8,2330.125,4490.75,2.375,46.948750000000004,42.64488625,0.0,True,True,True
91913,62122621942.111115,623.0,4222.142857142857,4.285714285714286,84.63142857142857,83.82148428571428,0.0,True,False,True
91915,60900922431.125,999.25,4490.75,3.625,74.89,73.14538,0.0,True,True,True
91932,63759007521.833336,3902.2,5057.8,1.2,25.458,26.916193999999997,0.0,True,False,True
91941,61363974593.6,2283.8888888888887,5382.777777777777,2.888888888888889,59.42888888888889,55.860837777777775,0.0,True,False,True
91942,61656824821.0,1185.25,4252.0,3.5,75.03750000000001,72.25859,0.0,True,True,False
91945,62133002552.2,3476.2,5789.0,2.0,39.95,36.265648,0.0,True,False,False
91950,62525094003.888885,3236.3333333333335,5447.444444444444,2.0,41.16777777777778,37.173249999999996,0.0,True,True,False
91977,61728870327.888885,2764.625,4490.75,2.0,42.45125000000001,40.3557225,0.0,True,True,True
92003,60142607928.666664,693.3333333333334,3545.6666666666665,4.0,80.85666666666667,79.07523666666667,0.0,True,True,True
92008,60750005943.57143,907.3333333333334,4058.0,3.5,73.46,72.07671833333333,0.0,True,True,True
92010,60750013058.0,91.0,2133.0,5.0,95.73,95.36158,0.0,False,False,True
92019,60984405691.333336,1918.75,4106.5,3.0,59.642500000000005,56.59233,0.0,True,True,True
92020,60824660509.666664,2573.25,4179.25,1.75,34.13625,34.32882625,0.0,True,True,True
92021,60687815744.4,2254.4285714285716,4388.428571428572,2.142857142857143,45.801428571428566,44.12993714285714,0.0,True,True,True
92024,61580392364.42857,566.1666666666666,4764.333333333333,4.333333333333333,88.675,89.24682,0.0,True,True,False
92025,60735382974.875,2929.0,4388.428571428572,2.142857142857143,39.792857142857144,39.20158571428571,0.0,True,True,True
92026,61009570213.125,2726.1428571428573,4827.571428571428,2.142857142857143,44.79142857142857,41.86637857142857,0.0,True,True,True
92027,61047703072.0,2870.777777777778,4635.0,2.2222222222222223,42.059999999999995,41.21485333333334,0.0,True,True,True
92028,61350754843.375,2245.8571428571427,4305.285714285715,2.2857142857142856,45.73571428571429,42.10080428571428,0.0,True,True,True
92029,61289512096.0,663.5,3961.0,4.5,86.155,85.509895,0.0,True,False,True
92037,63432005484.75,96.25,4106.5,5.0,96.7225,96.1133925,0.0,True,True,True
92040,61784807792.625,2068.2,4443.0,2.6,55.922000000000004,53.782426,0.0,True,True,True
92054,62825004367.57143,2810.4285714285716,4305.285714285715,1.8571428571428572,35.271428571428565,34.15900142857142,0.0,True,True,True
92056,62482459549.625,1682.3333333333333,5276.666666666667,3.5,66.885,63.637481666666666,0.0,True,True,False
92057,62814519175.22222,1762.888888888889,4293.444444444444,3.111111111111111,61.21888888888889,59.37433222222223,0.0,True,True,True
92058,62640630387.25,2587.5,5404.75,2.5,50.14375,49.043602500000006,0.0,True,True,False
92064,63153004886.2,933.0,4443.0,3.6,72.126,71.834252,0.0,True,True,True
92065,63171008053.888885,2121.8571428571427,4827.571428571428,2.4285714285714284,53.77428571428571,49.22867285714286,0.0,True,True,True
92067,63349004170.666664,122.33333333333333,4764.333333333333,5.0,97.64999999999999,97.11285666666667,0.0,True,True,False
92069,62735481352.9,905.8,4326.6,3.8,74.352,73.385604,0.0,True,False,True
92071,63369671803.333336,1927.0,5332.0,3.125,64.34375,61.85183875,0.0,True,False,True
92075,62754908052.75,185.5,4252.0,5.0,95.34,95.281165,0.0,True,True,True
92078,61298634206.888885,1416.0,4667.333333333333,3.5,70.65833333333333,67.96590666666667,0.0,True,True,True
92081,63803510702.0,1254.0,3961.0,3.5,70.535,66.00379,0.0,True,False,True
92082,60044376442.22222,2271.4,3711.8,1.8,38.61800000000001,35.263923999999996,0.0,True,True,True
92083,62940197696.3,2877.285714285714,5266.714285714285,2.142857142857143,41.85,41.558807142857134,0.0,True,False,True
92084,64119008469.666664,2796.75,4106.5,1.75,34.17,33.20722,0.0,True,True,True
92101,61991811141.22222,1312.625,2205.75,2.125,40.01375,36.23965875,0.0,False,True,True
92102,61486540033.8,2907.8888888888887,4699.666666666667,2.0,39.27333333333333,37.907720000000005,0.0,True,True,True
92103,62895107120.833336,1139.0,5174.2,3.8,75.768,73.81769999999999,0.0,True,True,False
92104,63432006033.0,1344.6666666666667,5789.0,4.0,76.77333333333333,75.11496666666666,0.0,True,False,False
92105,62786348311.1,3555.5555555555557,5041.222222222223,1.5555555555555556,31.241111111111106,30.173277777777773,0.0,True,True,True
92106,61160029463.4,1430.4444444444443,3887.222222222222,3.2222222222222223,66.0311111111111,61.99964888888889,0.0,True,True,True
92107,63432005519.0,354.25,5020.5,4.75,91.5825,91.17141499999998,0.0,True,True,False
92108,61810662001.0,,,,,,0.0,False,False,True
92109,63432005498.166664,680.0,4667.333333333333,4.333333333333333,83.44333333333334,82.259405,0.0,True,True,True
92110,63838909113.666664,970.5,5789.0,4.25,83.235,82.81814500000002,0.0,True,False,True
92111,62537348409.375,2031.25,5789.0,3.25,64.91,63.834142500000006,0.0,True,True,True
92113,63104658197.8,3758.7,4808.6,1.1,21.442,22.332859999999997,0.0,True,True,True
92114,62776386660.2,3138.0,5057.8,1.9,38.590999999999994,36.084408999999994,0.0,True,False,True
92115,61993196630.22222,2788.75,4875.0,2.25,41.493750000000006,39.37334500000001,0.0,True,False,True
92116,62775268713.8,2284.0,5789.0,3.0,60.544000000000004,57.819308,0.0,True,False,False
92117,63432006959.75,1417.5714285714287,4388.428571428572,3.142857142857143,62.43999999999999,59.57659285714285,0.0,True,True,True
92118,60987003681.6,388.0,4106.5,4.75,92.04750000000001,92.49038,0.0,True,True,True
92119,63432005511.0,808.5,5020.5,4.25,83.2925,82.1896775,0.0,True,True,False
92120,62975820609.57143,655.1428571428571,4388.428571428572,4.285714285714286,85.39999999999999,84.26495571428572,0.0,True,True,True
92121,60169907286.5,896.0,2133.0,3.0,57.99,53.28312,0.0,False,False,True
92122,63432005967.0,530.2,4443.0,4.8,89.00000000000001,88.943834,0.0,True,True,True
92123,62705249614.4,1312.125,4875.0,3.5,72.01875000000001,69.42349625,0.0,True,False,True
92124,63432005754.625,875.25,4563.5,3.875,78.875,77.19199499999999,0.0,True,True,True
92126,63432007875.71429,728.7142857142857,4827.571428571428,4.571428571428571,85.79714285714286,85.34460714285716,0.0,True,True,True
92128,63153007819.333336,423.6666666666667,4667.333333333333,4.5,91.32166666666667,91.70685666666667,0.0,True,True,True
92129,63153005144.3,244.3,4808.6,5.0,94.732,94.66764300000001,0.0,True,True,True
92130,62544606497.8,91.25,4106.5,5.0,98.0825,97.63899750000002,0.0,True,True,True
92131,62507865400.71429,623.0,5276.666666666667,4.5,88.795,87.59251166666668,0.0,True,True,False
92139,63432006492.28571,2130.5714285714284,4827.571428571428,2.5714285714285716,56.098571428571425,51.90326,0.0,True,True,True
92154,62912704732.8,2854.0,4808.6,2.0,40.572,37.558784,0.0,True,True,True
92173,63558007132.0,4083.8333333333335,5276.666666666667,1.0,22.31833333333333,23.195713333333334,0.0,True,True,False
92201,61111006266.8,2818.8,4443.0,1.6,34.706,34.027981999999994,0.0,True,True,True
92211,61111011713.0,1739.0,5789.0,3.0,69.96,67.10218,0.0,True,False,False
92220,60384004437.111115,3426.8333333333335,4058.0,0.6666666666666666,15.778333333333334,18.172061666666668,0.0,True,True,True
92223,60404374811.77778,2387.714285714286,4305.285714285715,2.2857142857142856,43.72714285714286,41.03977571428571,0.0,True,True,True
92225,62567678673.0,3432.6,4326.6,1.2,20.524,22.18999,0.0,True,False,True
92234,62955007547.333336,2622.222222222222,4293.444444444444,1.8888888888888888,38.49111111111111,35.42094444444445,0.0,True,True,True
92240,62955007997.75,3676.0,4563.5,1.125,20.34,21.86192625,0.0,True,True,True
92243,62754494269.22222,2731.8333333333335,4570.333333333333,1.8333333333333333,40.669999999999995,36.713915,0.0,True,False,True
92251,61821005306.833336,1418.25,4106.5,3.5,69.1725,64.6930225,0.0,True,True,True
92252,62586006524.5,4090.5,5789.0,1.5,29.340000000000003,28.943240000000003,0.0,True,False,False
92253,61111009893.77778,2198.5714285714284,3866.1428571428573,2.0,43.290000000000006,39.26631571428572,0.0,True,True,True
92260,61111003746.6,1168.8,4443.0,3.8,73.61,71.12602999999999,0.0,True,True,True
92262,62955004567.75,1685.75,4106.5,2.75,58.8875,53.683887500000004,0.0,True,True,True
92264,62955008920.25,2371.5,5789.0,3.0,59.035,55.509765,0.0,True,False,False
92274,60907005637.55556,3412.5,4033.75,0.875,17.9675,20.18184375,0.0,True,True,True
92277,62586006459.875,2859.4285714285716,4827.571428571428,2.142857142857143,44.425714285714285,42.137862857142856,0.0,True,True,True
92284,62586005176.2,2466.0,3711.8,1.8,35.574,32.460188,0.0,True,True,True
92301,60176949243.8,4564.222222222223,5447.444444444444,0.7777777777777778,15.403333333333332,17.962854444444442,0.0,True,True,False
92307,60028765818.42857,3775.3333333333335,5179.666666666667,1.3333333333333333,28.294999999999998,27.943236666666667,0.0,True,False,True
92308,60001709170.75,3073.6666666666665,5179.666666666667,2.0,41.18666666666667,39.330598333333334,0.0,True,False,True
92310,63682009271.333336,1594.0,4252.0,3.0,64.175,58.68596,0.0,True,True,False
92311,60402006095.22222,2899.8333333333335,3545.6666666666665,1.3333333333333333,23.371666666666666,23.58112,0.0,True,True,True
92313,60939003962.75,2162.25,4106.5,2.0,45.05,41.299659999999996,0.0,True,True,True
92324,61324055922.4,3860.8888888888887,5041.222222222223,1.1111111111111112,24.37444444444445,24.869624444444444,0.0,True,True,True
92335,61392007102.77778,3368.5555555555557,4699.666666666667,1.5555555555555556,29.096666666666668,29.055074444444447,0.0,True,True,True
92336,61360007028.333336,1820.5555555555557,4293.444444444444,2.4444444444444446,51.33333333333334,48.58677777777778,0.0,True,True,True
92337,61177209107.2,2573.5,4326.6,1.9,40.442,37.10267399999999,0.0,True,False,True
92344,60001411217.2,2394.2,3711.8,1.8,35.144,33.329865999999996,0.0,True,True,True
92345,60036076858.55556,3125.5,4033.75,1.375,25.04125,25.280835000000003,0.0,True,True,True
92346,63014568847.5,2631.5,5404.75,2.625,52.173750000000005,50.760781249999994,0.0,True,True,True
92354,63207002617.0,1492.0,5789.0,4.0,74.23,72.41906,0.0,True,False,False
92359,63207004942.0,3289.0,5789.0,2.0,43.19,38.34455,0.0,True,False,False
92368,62895008171.5,5731.0,5789.0,0.0,1.0,5.9228,0.0,True,False,False
92373,62780306520.85714,1403.0,4827.571428571428,3.7142857142857144,73.63,71.05743571428572,0.0,True,True,True
92374,62519307848.55556,1879.7142857142858,4388.428571428572,3.142857142857143,60.57428571428572,56.46865857142858,0.0,True,True,True
92376,63237006401.0,4118.1,5116.0,0.8,20.397,22.307859999999998,0.0,True,True,True
92377,63237006370.333336,2538.0,4155.0,1.8333333333333333,38.60999999999999,36.500173333333336,0.0,True,True,True
92392,61777320062.888885,2391.75,3576.75,1.75,35.25,34.165817499999996,0.0,True,True,True
92399,63897665892.55556,2258.625,4490.75,2.125,45.8225,43.6798125,0.0,True,True,True
92404,63417006953.5,3419.0,4471.571428571428,1.4285714285714286,28.021428571428572,29.810821428571426,0.0,True,True,False
92405,63056351307.0,3884.625,4947.75,1.375,25.23,25.700701249999998,0.0,True,True,True
92407,63417007499.44444,2390.125,4947.75,2.625,52.05500000000001,48.70412875000001,0.0,True,True,True
92408,61074054388.85714,3443.1428571428573,4744.428571428572,1.7142857142857142,32.505714285714284,31.25690142857143,0.0,True,False,True
92410,63099539381.3,2994.8888888888887,4635.0,1.7777777777777777,39.63444444444444,38.705659999999995,0.0,True,True,True
92411,63098638878.5,3493.714285714286,4827.571428571428,1.5714285714285714,28.93285714285714,28.90900857142857,0.0,True,True,True
92501,64731410082.5,2385.8333333333335,3961.0,1.8333333333333333,35.98333333333333,34.19521166666667,0.0,True,False,True
92503,61267001798.5,2679.1666666666665,3545.6666666666665,1.5,28.38166666666667,27.881244999999996,0.0,True,True,True
92505,60243003985.71429,3123.8333333333335,4058.0,1.0,25.154999999999998,25.33978666666667,0.0,True,True,True
92506,62511445491.25,2110.1666666666665,4155.0,2.3333333333333335,43.901666666666664,39.54904666666667,0.0,True,True,True
92507,62965984694.55556,2554.8888888888887,4228.777777777777,2.2222222222222223,41.922222222222224,39.41704000000001,0.0,True,True,True
92509,61926005207.666664,3193.375,5020.5,1.625,35.60625,33.16543875,0.0,True,True,False
92530,60026801217.1,3785.25,4490.75,0.75,17.70625,19.9966525,0.0,True,True,True
92532,60411259846.5,1701.6666666666667,4667.333333333333,3.1666666666666665,64.44666666666666,60.007565,0.0,True,True,True
92543,61692008835.77778,3373.0,3887.222222222222,0.8888888888888888,18.235555555555553,22.385291111111112,0.0,True,True,True
92544,61505305689.25,3243.4285714285716,4305.285714285715,1.4285714285714286,30.69857142857143,29.992797142857146,0.0,True,True,True
92545,61692011117.666664,2638.6666666666665,4058.0,1.6666666666666667,32.501666666666665,30.28164,0.0,True,True,True
92551,67806809453.1,2321.0,4106.5,2.5,44.220000000000006,41.254450000000006,0.0,True,True,True
92553,62347119437.1,3893.125,4947.75,1.0,19.682499999999997,21.3692475,0.0,True,True,True
92555,63513366423.14286,2828.714285714286,4388.428571428572,1.8571428571428572,34.651428571428575,33.06901428571429,0.0,True,True,True
92557,62580008778.5,3377.125,4947.75,1.625,32.848749999999995,32.56911375,0.0,True,True,True
92562,60033210668.85714,1195.5,5179.666666666667,3.6666666666666665,77.53666666666668,75.83128333333333,0.0,True,False,True
92563,60248000981.2,1113.4444444444443,5105.888888888889,4.0,78.85888888888888,77.52894111111111,0.0,True,True,False
92567,62778006735.0,2319.5,4106.5,2.5,46.362500000000004,42.26735,0.0,True,True,True
92570,66066134377.375,3510.625,4875.0,1.625,33.058749999999996,32.42119875,0.0,True,False,True
92571,66675609850.7,2782.3,4750.4,2.0,40.187,38.313584000000006,0.0,True,True,True
92582,63444009619.75,3057.0,4570.333333333333,1.6666666666666667,29.45,26.836510000000004,0.0,True,False,True
92583,63444009724.2,2926.125,4179.25,1.625,32.725,32.31395500000001,0.0,True,True,True
92584,62286319538.2,1950.5,4563.5,3.0,60.64249999999999,56.61836125000001,0.0,True,True,True
92586,62454011333.333336,1645.3333333333333,4764.333333333333,3.3333333333333335,64.02333333333333,59.20025999999999,0.0,True,True,False
92587,62454012252.0,2704.0,5789.0,3.0,53.29,47.96155,0.0,True,False,False
92590,60221073816.6,,,,,,0.0,False,False,True
92591,60002809149.28571,1106.7142857142858,4388.428571428572,3.857142857142857,76.32285714285715,74.25923,0.0,True,True,True
92592,60025152737.85714,678.0,4667.333333333333,4.333333333333333,86.73166666666664,86.95802166666668,0.0,True,True,True
92595,60031908444.4,2240.75,4106.5,2.25,43.245,39.154035,0.0,True,True,True
92603,68450007140.0,380.0,5789.0,4.75,93.4375,93.723455,0.0,True,False,False
92612,68450007065.666664,430.0,3545.6666666666665,4.666666666666667,91.05333333333333,90.79076000000002,0.0,True,True,True
92624,60744000698.0,1824.0,5789.0,3.0,68.49,65.35955,0.0,True,False,False
92626,62830129886.888885,1576.6666666666667,4058.0,3.0,64.04333333333334,61.45421833333332,0.0,True,True,True
92627,62370679566.85714,1908.0,3595.4,2.0,41.388,40.766805999999995,0.0,True,False,True
92629,60744003310.333336,1886.5,3961.0,3.0,63.975,61.143055000000004,0.0,True,False,True
92630,62849539329.0,1742.0,5179.666666666667,3.5,68.995,67.44031666666667,0.0,True,False,True
92646,61708127694.875,572.625,4947.75,4.5,89.14500000000001,89.02419250000001,0.0,True,True,True
92647,63113006873.333336,1211.8333333333333,4667.333333333333,3.5,71.96999999999998,69.58122666666667,0.0,True,True,True
92648,61487205792.2,364.6,4443.0,4.4,91.67999999999999,91.63834999999999,0.0,True,True,True
92649,62562003813.0,716.75,4106.5,4.0,83.58,82.60888750000001,0.0,True,True,True
92651,62037002454.5,117.75,4106.5,5.0,96.88,96.595205,0.0,True,True,True
92653,63386005309.25,1460.0,4875.0,3.5,72.465,70.20802499999999,0.0,True,False,True
92656,60677006378.75,838.25,4563.5,4.25,84.07125,83.2299025,0.0,True,True,True
92660,62724005144.25,203.5,4875.0,5.0,95.92999999999999,95.790535,0.0,True,False,True
92661,62724004123.0,374.0,5789.0,5.0,93.54,93.9437,0.0,True,False,False
92672,60865201400.2,1287.8,5174.2,3.6,76.07000000000001,74.140522,0.0,True,True,False
92673,60744008115.333336,718.6666666666666,4155.0,4.166666666666667,84.61,83.44473333333333,0.0,True,True,True
92675,60559622675.28571,1895.3333333333333,4570.333333333333,3.3333333333333335,64.26,60.01722,0.0,True,False,True
92677,60658858101.833336,990.0,5789.0,4.0,82.89833333333334,83.06743333333333,0.0,True,False,False
92679,62505337137.0,740.6666666666666,5789.0,4.333333333333333,87.20666666666666,88.01683666666668,0.0,True,False,False
92683,63435863898.42857,1502.1666666666667,4667.333333333333,3.3333333333333335,69.84166666666667,66.667175,0.0,True,True,True
92688,61624674235.833336,830.8333333333334,4764.333333333333,4.166666666666667,84.68833333333333,84.30951333333333,0.0,True,True,False
92691,63008576096.28571,1262.5,5789.0,3.8333333333333335,78.19166666666666,76.94510833333332,0.0,True,False,True
92692,60604495129.625,615.0,4388.428571428572,4.285714285714286,86.7057142857143,86.13614,0.0,True,True,True
92701,61865328867.0,2465.3333333333335,4635.0,2.4444444444444446,50.620000000000005,48.37313888888889,0.0,True,True,True
92703,62988217080.7,4412.0,5789.0,1.1428571428571428,23.785714285714285,26.860547142857147,0.0,True,False,True
92704,63239148256.28571,4048.285714285714,5349.857142857143,1.2857142857142858,23.494285714285716,24.06955857142857,0.0,True,True,False
92705,63423495624.42857,1557.5,3351.6666666666665,2.6666666666666665,53.41833333333333,51.601304999999996,0.0,True,False,True
92706,62695820862.875,2252.75,4106.5,2.625,49.31250000000001,46.96016,0.0,True,True,True
92707,63531006700.75,3175.5,4106.5,1.125,22.6675,23.33129,0.0,True,True,True
92708,61495716058.57143,345.0,4667.333333333333,4.666666666666667,93.585,93.489265,0.0,True,True,True
92780,64015005807.25,2732.75,4179.25,1.75,35.78875000000001,33.798705000000005,0.0,True,True,True
92801,60841728447.375,3087.25,5404.75,2.0,41.85,40.286195000000006,0.0,True,True,False
92802,60242602223.5,3768.0,5276.666666666667,1.5,27.17833333333333,27.345933333333335,0.0,True,True,False
92804,61411859223.42857,2457.0,4827.571428571428,2.142857142857143,43.589999999999996,40.34489428571429,0.0,True,True,True
92805,60247616918.625,3842.6666666666665,5179.666666666667,1.5,27.545,28.36889833333333,0.0,True,False,True
92806,60822801087.8,3188.0,4443.0,1.6,29.306,28.890710000000002,0.0,True,True,True
92807,62932004534.166664,706.8,4326.6,4.4,85.204,83.47752,0.0,True,False,True
92808,62865006622.666664,531.0,4764.333333333333,4.0,88.90333333333332,89.42605333333334,0.0,True,True,False
92821,60588001419.5,1012.875,4490.75,3.625,73.11125,73.41797125,0.0,True,True,True
92831,61701431640.57143,2177.1428571428573,4305.285714285715,2.2857142857142856,44.044285714285714,42.115098571428575,0.0,True,True,True
92832,61473602662.6,2707.0,5057.8,2.6,49.692,47.29282,0.0,True,False,True
92833,61473377949.375,1791.625,4563.5,3.0,62.29375,61.23375875,0.0,True,True,True
92835,61473003408.75,893.5,5789.0,4.5,84.565,83.326385,0.0,True,False,False
92840,61488001735.888885,1610.888888888889,4699.666666666667,3.4444444444444446,67.36555555555556,64.03501444444446,0.0,True,True,True
92841,61488004156.7,1974.4444444444443,4635.0,2.888888888888889,56.69888888888889,53.12095000000001,0.0,True,True,True
92843,61488001710.0,1704.0,5020.5,3.25,66.85125,63.683077499999996,0.0,True,True,False
92844,62094003029.111115,1094.125,4947.75,3.875,78.17625,76.58086625,0.0,True,True,True
92866,62865004431.0,3668.0,5789.0,1.5,36.64,38.14076,0.0,True,False,False
92867,62425372754.666664,2320.2,3711.8,1.6,34.838,32.50792,0.0,True,True,True
92868,62201581887.0,2157.5,4106.5,2.25,47.4375,44.0506675,0.0,True,True,True
92870,63066005385.4,1077.111111111111,4293.444444444444,3.6666666666666665,73.43222222222222,72.21583666666666,0.0,True,True,True
92879,60872375714.28571,1633.1666666666667,4570.333333333333,3.0,59.61499999999999,56.48561166666667,0.0,True,False,True
92880,60908651382.2,1033.875,4179.25,3.625,72.215,70.86029624999999,0.0,True,True,True
92882,60985004850.0,1340.2857142857142,4388.428571428572,3.5714285714285716,70.17,66.68266714285714,0.0,True,True,True
92887,63066009586.5,599.5,5789.0,4.5,89.64500000000001,90.115015,0.0,True,False,False
93001,63543907801.57143,2269.4285714285716,4910.714285714285,2.857142857142857,56.63999999999999,54.797578571428566,0.0,True,True,False
93003,63665029726.888885,1634.857142857143,3866.1428571428573,3.142857142857143,62.44571428571429,58.94269714285714,0.0,True,True,True
93010,62721683187.125,2084.0,3961.0,1.8333333333333333,40.47666666666667,39.56480666666666,0.0,True,False,True
93013,60756003180.85714,1615.3333333333333,4058.0,2.6666666666666665,55.79666666666666,53.73257666666667,0.0,True,True,True
93021,62307275229.44444,1154.5,4106.5,3.5,70.35625,66.9199325,0.0,True,True,True
93030,62922720050.28571,3987.5714285714284,4827.571428571428,1.0,17.185714285714287,19.232327142857145,0.0,True,True,True
93033,62290892750.77778,3862.777777777778,4358.111111111111,0.7777777777777778,13.747777777777777,16.90366,0.0,True,True,True
93035,62637757174.75,3535.5,5789.0,1.75,38.927499999999995,37.767205,0.0,True,False,False
93036,63917346368.375,2714.5714285714284,4305.285714285715,2.0,38.19,36.355712857142855,0.0,True,True,True
93041,61785002202.75,4207.75,5789.0,1.5,27.3125,26.886492500000003,0.0,True,False,False
93060,60484675661.6,3332.6,4808.6,1.4,29.332,28.580029000000003,0.0,True,True,True
93063,63684006350.166664,2394.3333333333335,5179.666666666667,3.0,57.975,56.00852166666667,0.0,True,False,True
93065,61586880304.6,3043.0,4875.0,1.5,31.7875,33.68202,0.0,True,False,True
93101,60141408234.0,2266.6666666666665,4058.0,2.1666666666666665,43.245000000000005,39.601641666666666,0.0,True,True,True
93103,60156891143.5,2829.6,4443.0,2.2,44.248000000000005,43.36541,0.0,True,True,True
93105,60146356021.0,1816.5,5789.0,3.5,68.62,65.53193,0.0,True,False,False
93108,61738502377.0,56.5,5789.0,5.0,99.025,98.225555,0.0,True,False,False
93109,60168058816.5,3548.6666666666665,5789.0,1.6666666666666667,38.699999999999996,41.583956666666666,0.0,True,False,False
93111,61551003565.25,1281.75,5789.0,4.25,77.8575,75.991545,0.0,True,False,False
93117,61198604981.625,1125.7142857142858,4827.571428571428,3.857142857142857,78.00428571428571,76.52672714285714,0.0,True,True,True
93203,60660061333.57143,3902.714285714286,4827.571428571428,1.1428571428571428,22.292857142857144,23.591382857142857,0.0,True,True,True
93210,60912006225.25,2596.5,3192.5,1.0,21.3125,22.2973625,0.0,True,True,True
93215,61074605418.9,2121.3,4135.6,2.4,50.41600000000001,45.824243,0.0,True,True,True
93221,60142304639.42857,2131.8,3711.8,2.2,43.564,39.093136,0.0,True,True,True
93223,60003505417.333336,1902.5,2424.0,1.0,23.71,24.144665,0.0,True,True,True
93230,61657008557.666664,1726.4,3595.4,2.2,45.988,45.222372,0.0,True,False,True
93241,62052252464.5,3610.0,3961.0,0.0,7.9399999999999995,12.999805,0.0,True,True,True
93245,61455825967.8,1916.6666666666667,4164.111111111111,2.5555555555555554,53.06444444444444,50.776821111111104,0.0,True,True,True
93247,62187009402.7,3235.4285714285716,4744.428571428572,1.7142857142857142,32.08,30.842145714285714,0.0,True,False,True
93250,62423007579.14286,3124.1666666666665,4058.0,1.1666666666666667,21.236666666666665,22.676715,0.0,True,True,True
93257,60533006821.5,3227.8571428571427,3866.1428571428573,0.8571428571428571,18.26571428571429,20.12842571428572,0.0,True,True,True
93268,63870756818.5,2335.25,3192.5,1.5,28.9125,27.020227499999997,0.0,True,True,True
93274,63470707822.7,3190.3,4750.4,1.6,30.634999999999998,29.751533000000002,0.0,True,True,True
93277,64116007931.57143,2548.1428571428573,4388.428571428572,2.4285714285714284,46.21,42.59245571428572,0.0,True,True,True
93280,62938533072.0,4814.25,5789.0,0.75,16.8375,19.489275000000003,0.0,True,True,True
93286,60141807861.6,2511.6666666666665,3545.6666666666665,2.0,36.23,34.49058333333334,0.0,True,True,True
93291,64116008431.55556,3890.5,5404.75,1.375,30.6225,31.94726125,0.0,True,True,False
93292,63437589085.3,2751.1428571428573,4222.142857142857,1.7142857142857142,33.23857142857143,30.993998571428573,0.0,True,False,True
93301,64930981473.0,2265.0,4875.0,2.75,53.055,53.240875,0.0,True,False,True
93304,60669670653.333336,4176.125,5404.75,1.125,21.5325,22.635545,0.0,True,True,False
93305,60363001407.57143,4906.0,5276.666666666667,0.3333333333333333,7.381666666666667,12.51103,0.0,True,True,False
93306,60681203278.3,2283.3,4443.0,2.3,44.78000000000001,41.553597,0.0,True,True,True
93307,61198605955.3,3164.375,4179.25,1.5,26.302500000000002,25.649732500000002,0.0,True,True,True
93308,61605149505.14286,3009.5714285714284,4827.571428571428,1.7142857142857142,39.137142857142855,38.32128,0.0,True,True,True
93309,60639706632.9,2958.1111111111113,4358.111111111111,1.5555555555555556,30.765555555555554,29.091746666666666,0.0,True,True,True
93311,60944451857.888885,1929.2222222222222,5041.222222222223,3.0,61.56444444444445,57.91906111111112,0.0,True,True,True
93312,62412228618.44444,1074.4444444444443,4293.444444444444,3.888888888888889,74.99555555555554,72.47164777777779,0.0,True,True,True
93314,63038407126.0,1461.4,4443.0,3.2,66.31,62.161886,0.0,True,True,True
93401,63480008158.333336,874.0,5789.0,4.5,84.9,84.09797499999999,0.0,True,False,False
93405,64473469471.75,1133.4285714285713,4305.285714285715,3.5714285714285716,66.35142857142856,64.82684714285713,0.0,True,True,True
93422,60330004617.125,1319.0,3866.1428571428573,3.142857142857143,60.82285714285714,57.15815571428571,0.0,True,True,True
93433,62308003521.333336,2532.0,5789.0,3.0,56.26,51.09758333333334,0.0,True,False,False
93436,62241004443.666664,2909.5,4490.75,2.0,38.355000000000004,37.260905,0.0,True,True,True
93442,63480007970.5,969.5,3961.0,4.0,78.455,75.89481,0.0,True,False,True
93446,60354428941.1,1922.4444444444443,3887.222222222222,2.5555555555555554,50.81555555555556,47.239959999999996,0.0,True,True,True
93454,61125018821.3,3180.0,4635.0,1.6666666666666667,33.208888888888886,32.11723111111111,0.0,True,True,True
93455,62017608390.3,2136.1428571428573,3866.1428571428573,2.142857142857143,43.09857142857142,40.60357571428572,0.0,True,True,True
93458,60558009314.333336,4269.111111111111,5105.888888888889,0.8888888888888888,18.5,20.50165444444444,0.0,True,True,False
93505,62523007471.5,2931.6666666666665,3545.6666666666665,1.3333333333333333,23.28333333333333,25.03152333333333,0.0,True,True,True
93514,62255756942.3,1760.5,4106.5,2.75,58.105000000000004,53.559025000000005,0.0,True,True,True
93534,61458390845.166664,4239.5,4875.0,1.0,16.5075,19.6308375,0.0,True,False,True
93546,64603740154.333336,1509.6666666666667,3545.6666666666665,3.3333333333333335,63.89666666666667,58.90645333333333,0.0,True,True,True
93550,62243084625.875,3553.0,4559.4,1.0,19.404,20.819443999999997,0.0,True,True,True
93551,63496676673.111115,2363.222222222222,4699.666666666667,2.2222222222222223,47.584444444444436,44.63767444444446,0.0,True,True,True
93552,62660675722.888885,3928.222222222222,5041.222222222223,1.2222222222222223,23.4,24.15647111111111,0.0,True,True,True
93555,63680005407.71429,1642.0,3866.1428571428573,2.7142857142857144,54.892857142857146,50.656324285714284,0.0,True,True,True
93561,63357751485.14286,2390.4,4443.0,2.6,50.76199999999999,45.850814,0.0,True,True,True
93591,62723009436.0,4934.666666666667,5789.0,0.6666666666666666,14.756666666666666,18.37866,0.0,True,False,False
93610,60715780447.888885,2152.2,3097.0,1.8,33.949999999999996,33.734138,0.0,True,True,True
93611,60903007171.888885,506.85714285714283,3783.0,4.428571428571429,87.97571428571429,87.28058285714283,0.0,True,True,True
93612,60903000912.4,1836.4,5174.2,3.2,66.748,62.915426000000004,0.0,True,True,False
93618,60505615930.44444,2989.25,4875.0,1.875,38.84875,35.68337375,0.0,True,False,True
93619,60903008824.0,559.5,5789.0,4.5,90.33500000000001,90.7963875,0.0,True,False,False
93622,61384003453.666664,1704.3333333333333,3545.6666666666665,2.6666666666666665,51.343333333333334,46.12441333333334,0.0,True,True,True
93625,61425006316.25,1501.3333333333333,3545.6666666666665,3.0,56.24333333333334,50.77524333333333,0.0,True,True,True
93630,61949009655.14286,2237.1428571428573,4305.285714285715,2.2857142857142856,45.721428571428575,41.99670714285714,0.0,True,True,True
93631,61870806393.6,1807.0,3783.0,2.7142857142857144,53.87285714285714,51.259068571428564,0.0,True,True,True
93635,62274007682.44444,3060.285714285714,4388.428571428572,1.7142857142857142,30.608571428571427,29.803841428571427,0.0,True,True,True
93637,63010775841.9,4103.75,5789.0,1.5,29.11125,28.21933,0.0,True,False,False
93638,63602530962.333336,3971.0,4947.75,1.0,18.325,20.4615825,0.0,True,True,True
93640,60002207198.71429,2595.5,4106.5,1.75,38.68,35.3072125,0.0,True,True,True
93644,60143120976.333336,1717.4285714285713,3260.714285714286,2.2857142857142856,47.72285714285714,44.99874285714286,0.0,True,True,True
93647,61035004122.75,1888.0,4106.5,2.75,51.4975,46.757415,0.0,True,True,True
93648,62863381618.625,3527.875,4490.75,0.875,19.1125,22.002628750000003,0.0,True,True,True
93650,60903005338.0,2698.5,5789.0,2.5,53.385000000000005,49.3682,0.0,True,False,False
93654,61970005635.888885,2329.8333333333335,4764.333333333333,2.6666666666666665,53.048333333333325,49.08470166666667,0.0,True,True,False
93657,63525007024.6,2858.875,5332.0,2.375,43.558749999999996,40.8732675,0.0,True,False,True
93662,63627005995.2,2659.6666666666665,4228.777777777777,1.8888888888888888,34.96777777777778,32.76822666666666,0.0,True,True,True
93701,61455003927.666664,2772.2,5174.2,2.2,42.28399999999999,40.122702000000004,0.0,True,True,False
93702,61455003654.5,3309.5,5116.0,1.6,34.029,31.81995,0.0,True,True,True
93703,61316937912.55556,3365.0,4570.333333333333,1.1666666666666667,24.225000000000005,24.155185000000003,0.0,True,False,True
93706,60558747990.6,2494.8,4443.0,2.8,53.00599999999999,51.121564,0.0,True,True,True
93710,61248545892.14286,2690.0,4667.333333333333,2.0,40.14833333333333,37.36297,0.0,True,True,True
93711,61455003711.833336,1849.4,5174.2,3.2,61.504,57.909222,0.0,True,True,True
93720,60903005619.77778,690.8888888888889,5041.222222222223,4.222222222222222,85.4688888888889,85.03057666666666,0.0,True,True,True
93721,64011811051.2,3041.0,3961.0,1.0,21.310000000000002,20.282339999999998,0.0,True,False,True
93722,60928609224.8,3028.75,4947.75,1.75,38.86875,36.575146249999996,0.0,True,True,True
93725,62679474626.2,3477.6666666666665,5447.444444444444,1.6666666666666667,34.66555555555555,33.47150777777778,0.0,True,True,False
93726,61204605388.4,3066.625,4490.75,1.5,29.84375,30.71826875,0.0,True,True,True
93727,61623672270.22222,3041.222222222222,5041.222222222223,1.7777777777777777,36.26888888888889,35.48003555555556,0.0,True,True,True
93728,61455002050.0,4999.25,5789.0,0.5,13.6425,17.3262025,0.0,True,False,False
93901,63760708097.14286,2987.0,5057.8,2.0,44.306,41.515382,0.0,True,False,True
93905,61155904399.2,3534.2,4808.6,1.5,28.113999999999997,27.763477,0.0,True,True,True
93906,63081229739.888885,2837.0,3722.25,1.25,26.695,25.6161,0.0,True,True,True
93907,62602706416.44444,3866.1428571428573,5266.714285714285,1.2857142857142858,24.37714285714286,25.664427142857143,0.0,True,False,True
93908,63667007276.0,582.3333333333334,3739.6666666666665,4.0,84.71666666666667,83.98189333333333,0.0,True,True,False
93927,61667506311.166664,4025.8333333333335,4667.333333333333,1.0,16.296666666666667,19.092156666666664,0.0,True,True,True
93930,61822207672.5,2864.4285714285716,3783.0,1.2857142857142858,25.62857142857143,24.908977142857143,0.0,True,True,True
93933,62221407782.42857,2997.8333333333335,4058.0,1.5,28.543333333333333,27.79966333333333,0.0,True,True,True
93940,61889136181.0,1832.8333333333333,4667.333333333333,3.0,59.025000000000006,55.334759999999996,0.0,True,True,True
93955,62253469227.25,3633.5714285714284,5266.714285714285,1.5714285714285714,29.140000000000004,29.175311428571426,0.0,True,True,True
93960,63585608952.5,3410.8888888888887,4635.0,1.2222222222222223,23.78111111111111,23.838392222222225,0.0,True,True,True
94010,61138129625.125,205.71428571428572,4388.428571428572,4.857142857142857,95.1,94.78278714285715,0.0,True,True,True
94014,61495288263.85714,3044.0,4827.571428571428,2.0,38.958571428571425,36.48607857142857,0.0,True,True,True
94015,62087984203.9,1944.4,4808.6,3.2,61.81,58.33138699999999,0.0,True,True,True
94025,62865004352.5,1764.0,4155.0,3.5,68.34666666666666,69.15743166666668,0.0,True,True,True
94041,62628009102.5,600.0,5789.0,4.0,89.64,90.80497,0.0,True,False,False
94043,62628010444.71429,1033.5,5020.5,4.0,80.02000000000001,77.7376525,0.0,True,True,False
94044,62026882476.375,1283.1666666666667,4667.333333333333,3.6666666666666665,73.53500000000001,71.31442,0.0,True,True,True
94061,62454582206.25,2174.0,5789.0,3.25,62.445,58.872519999999994,0.0,True,False,False
94063,61771046953.75,2595.875,4418.0,2.125,42.09,41.67734625,0.0,True,False,True
94065,62051190848.2,274.6666666666667,4570.333333333333,4.666666666666667,92.68,92.11229333333334,0.0,True,False,True
94066,63014540272.333336,2311.0,4827.571428571428,2.857142857142857,54.64857142857142,52.47519,0.0,True,True,True
94070,63023408388.375,374.8,5174.2,5.0,93.234,93.710316,0.0,True,True,False
94080,63753008510.25,2216.6666666666665,4058.0,2.5,46.80833333333334,44.246851666666664,0.0,True,True,True
94085,63846005669.333336,2585.3333333333335,4764.333333333333,2.0,44.85666666666666,39.68297666666666,0.0,True,True,False
94086,63694504223.25,1644.75,5789.0,3.5,71.59,70.1628175,0.0,True,False,False
94087,61952146627.42857,336.1666666666667,4667.333333333333,4.666666666666667,92.87666666666667,92.27988166666667,0.0,True,True,True
94089,62636309127.0,2284.0,5789.0,3.0,60.545,57.72921500000001,0.0,True,False,True
94102,66276059189.5,5234.0,5789.0,0.0,9.59,15.08596,0.0,True,False,True
94103,63441005618.0,4755.5,5789.0,1.0,17.85,20.563785000000003,0.0,True,False,False
94107,62054009705.0,1562.0,4326.6,2.6,52.267999999999994,50.914504,0.0,True,False,True
94108,63441009610.0,1421.0,5789.0,4.0,75.45,74.2201,0.0,True,False,False
94109,63441005647.0,1796.3333333333333,4570.333333333333,3.3333333333333335,64.89666666666666,60.416543333333344,0.0,True,False,True
94110,63441005620.25,5167.0,5789.0,0.5,10.745000000000001,15.2143,0.0,True,False,False
94111,63441005596.0,5733.0,5789.0,0.0,0.97,5.81122,0.0,True,False,False
94112,62509207492.42857,2411.4285714285716,3260.714285714286,1.5714285714285714,30.961428571428574,29.405752857142858,0.0,True,True,True
94114,63441006862.125,2460.1428571428573,4388.428571428572,2.0,39.52285714285715,38.99619571428571,0.0,True,True,True
94115,60849568288.6,1770.4,3828.2,2.8,56.55799999999999,54.250645999999996,0.0,True,True,True
94116,64386024111.0,613.8,4443.0,4.2,84.31200000000001,83.012802,0.0,True,True,True
94117,63441007009.0,1281.4,5057.8,3.2,65.982,65.997092,0.0,True,False,True
94118,63441005640.25,773.0,5020.5,4.5,85.995,85.24885499999999,0.0,True,True,False
94121,62755586774.4,578.75,5020.5,4.5,88.8425,89.4360975,0.0,True,True,True
94122,63441006614.85714,773.0,4155.0,3.8333333333333335,75.58666666666666,75.82465499999999,0.0,True,True,True
94123,63441007934.25,644.0,4764.333333333333,4.333333333333333,84.31666666666666,83.01789333333333,0.0,True,True,False
94127,64575026356.0,777.25,5020.5,4.25,83.47,83.01953,0.0,True,True,True
94129,63441013488.0,,,,,,0.0,True,False,False
94130,63441007721.0,2119.0,2133.0,0.0,0.66,8.71798,0.0,False,False,True
94132,63441005638.666664,1543.0,4570.333333333333,3.6666666666666665,72.41666666666667,71.34728,0.0,True,False,True
94133,63441007430.333336,1020.2,5174.2,4.0,79.138,77.23266000000001,0.0,True,True,False
94134,63441007706.0,2901.0,4106.5,1.75,35.6225,33.316114999999996,0.0,True,True,True
94303,62229366007.0,2563.2,4443.0,2.4,47.562,48.10267166666666,0.0,True,True,True
94304,62961007813.0,,,,,,0.0,False,False,False
94305,62961004589.0,448.5,5789.0,4.5,92.255,92.58484000000001,0.0,True,False,False
94306,62961007106.0,334.75,5020.5,4.75,94.03249999999998,94.1865175,0.0,True,True,False
94401,63493505915.0,1595.75,4875.0,3.5,70.13250000000001,70.8143325,0.0,True,False,True
94403,63493007073.333336,1870.5,4667.333333333333,3.1666666666666665,62.76,58.873731666666664,0.0,True,True,True
94501,60175490534.85714,306.5,3351.6666666666665,4.666666666666667,92.05166666666668,91.68198,0.0,True,False,True
94503,62655010195.666664,911.0,3545.6666666666665,3.3333333333333335,71.84666666666666,68.06681333333334,0.0,True,True,True
94509,61363805329.375,3254.1428571428573,4305.285714285715,1.0,22.909999999999997,23.032658571428566,0.0,True,True,True
94510,60462003299.5,1322.7142857142858,4305.285714285715,3.142857142857143,64.38285714285715,62.77327857142857,0.0,True,True,True
94513,63005006440.666664,1149.4285714285713,3343.8571428571427,3.142857142857143,63.275714285714294,60.16309571428572,0.0,True,True,True
94520,63445546821.8,3527.0,4875.0,1.25,28.2975,29.604955000000004,0.0,True,False,True
94521,62236537278.166664,1659.8333333333333,4058.0,2.8333333333333335,57.553333333333335,55.15212333333333,0.0,True,True,True
94530,62817321685.0,1104.8333333333333,4058.0,3.5,72.32833333333333,69.05058333333334,0.0,True,True,True
94531,60285007983.0,3355.4444444444443,4293.444444444444,1.3333333333333333,26.796666666666667,28.001350000000002,0.0,True,True,True
94533,61919781810.0,3513.8888888888887,4635.0,1.4444444444444444,29.946666666666665,31.401666666666667,0.0,True,True,True
94534,61336007271.55556,1493.5555555555557,5041.222222222223,3.5555555555555554,71.90666666666668,70.06361222222222,0.0,True,True,True
94535,63963006008.0,2149.5,5789.0,3.0,62.870000000000005,60.039625,0.0,True,False,False
94536,61234317187.85714,938.6666666666666,4667.333333333333,4.166666666666667,82.41333333333334,81.56054166666667,0.0,True,True,True
94538,61260042481.125,721.2,4443.0,4.4,84.60400000000001,83.86703600000001,0.0,True,True,True
94539,61440002738.71429,47.833333333333336,5179.666666666667,5.0,99.08,98.406715,0.0,True,False,True
94541,62033403782.6,3535.6,4692.2,1.4,28.145000000000003,28.708952,0.0,True,False,True
94542,61674011550.0,3450.0,5789.0,2.0,40.4,36.16138,0.0,True,False,False
94544,64087749276.85714,3237.0,4106.5,1.0,20.02,20.244034999999997,0.0,True,True,True
94545,61090593953.375,1820.4285714285713,3343.8571428571427,2.5714285714285716,51.57285714285714,46.82038857142857,0.0,True,True,True
94546,60711728510.111115,832.4285714285714,4827.571428571428,4.142857142857143,83.99142857142856,83.13599285714285,0.0,True,True,True
94550,62211002626.0,1048.0,4228.777777777777,3.888888888888889,71.22,69.22897,0.0,True,True,True
94551,61935680482.25,1857.2857142857142,5349.857142857143,3.2857142857142856,66.62571428571428,64.05704142857142,0.0,True,True,True
94553,62429005315.333336,1842.4285714285713,4827.571428571428,3.2857142857142856,64.17571428571429,61.90686285714286,0.0,True,True,True
94556,62092203731.6,168.2,4443.0,5.0,96.95599999999999,96.76153,0.0,True,True,True
94558,62664005224.333336,2262.0,4667.333333333333,2.5,49.55333333333334,48.22956333333334,0.0,True,True,True
94559,65043807711.0,2648.0,4570.333333333333,2.0,47.46666666666666,46.08722666666667,0.0,True,False,True
94560,62706003844.22222,2814.4285714285716,5266.714285714285,2.142857142857143,42.62428571428571,41.19141428571429,0.0,True,False,True
94564,62817449213.0,3304.5,4667.333333333333,1.6666666666666667,30.944999999999997,29.78572166666667,0.0,True,True,True
94565,63537156692.0,3785.125,4947.75,1.125,21.9575,23.184955,0.0,True,True,True
94566,60002009755.5,575.1428571428571,3866.1428571428573,4.285714285714286,83.09571428571428,82.73736000000001,0.0,True,True,True
94568,60001911691.5,360.875,4947.75,4.75,93.25875,92.59046249999999,0.0,True,True,True
94577,63468005838.0,2844.1428571428573,4388.428571428572,2.0,37.88,36.44264285714286,0.0,True,True,True
94578,64878031697.25,4433.0,5789.0,1.3333333333333333,23.423333333333332,24.77629333333333,0.0,True,False,False
94583,63513006083.888885,393.3333333333333,4699.666666666667,4.666666666666667,92.36555555555556,92.56133333333332,0.0,True,True,True
94586,60002109291.0,139.0,5789.0,5.0,97.6,97.08792,0.0,True,False,False
94587,62443497159.4,1742.625,4563.5,3.25,61.89,58.805401249999996,0.0,True,True,True
94588,60002008816.6,233.8,5057.8,5.0,95.724,95.660102,0.0,True,False,True
94589,62255218642.2,3209.125,4563.5,1.875,37.77625,37.446952499999995,0.0,True,True,True
94590,63584533283.25,3926.714285714286,4827.571428571428,0.8571428571428571,17.398571428571426,18.769165714285716,0.0,True,True,True
94591,64074007659.875,3616.125,4947.75,1.5,26.951249999999998,27.046454999999998,0.0,True,True,True
94592,64074006724.0,5087.0,5789.0,1.0,12.13,16.834979999999998,0.0,True,False,False
94597,64125006829.0,486.5,4252.0,4.0,88.925,89.366185,0.0,True,True,False
94598,62484440236.333336,709.3333333333334,4058.0,4.333333333333333,83.88,82.85751833333333,0.0,True,True,True
94601,61501480365.9,4142.444444444444,4635.0,0.6666666666666666,14.019999999999998,16.174824444444443,0.0,True,True,True
94605,61351855308.888885,2721.0,4033.75,1.75,33.144999999999996,35.18429625,0.0,True,True,True
94606,62217051508.22222,2912.222222222222,4293.444444444444,1.5555555555555556,32.74555555555556,33.6889311111111,0.0,True,True,True
94607,61353109660.22222,2115.4285714285716,4305.285714285715,2.857142857142857,54.04571428571428,53.41316857142857,0.0,True,True,True
94608,60921470431.5,3119.0,4744.428571428572,1.8571428571428572,35.80428571428571,36.42210428571428,0.0,True,False,True
94609,62805007995.6,3128.4,4326.6,1.2,23.284000000000002,25.87654,0.0,True,False,True
94610,62275045885.6,1422.6,3711.8,3.2,59.11800000000001,56.10307,0.0,True,True,True
94611,62890504847.0,1441.5,4490.75,3.125,61.97875,61.10310625,0.0,True,True,True
94612,61070741910.333336,1493.6666666666667,2327.0,2.0,38.76333333333333,37.700063333333325,0.0,False,True,True
94619,62367824342.666664,3895.8,5057.8,1.4,29.21,29.66896,0.0,True,False,True
94621,62026101613.5,4400.222222222223,4976.555555555556,0.5555555555555556,12.60888888888889,15.98249,0.0,True,True,True
94702,60474000441.0,639.0,5789.0,4.0,88.96,90.0751,0.0,True,False,False
94703,60474000445.333336,895.6666666666666,3739.6666666666665,3.6666666666666665,74.16666666666667,71.99451,0.0,True,True,False
94704,60474006256.75,680.5,3961.0,4.0,83.88,82.91735,0.0,True,False,True
94705,60474004066.75,1115.5,5020.5,4.0,79.9625,78.81525500000001,0.0,True,True,False
94706,60186002636.166664,331.8,4443.0,4.8,93.17600000000002,93.404214,0.0,True,True,True
94709,60474000431.0,695.0,5789.0,4.0,87.99,89.12854,0.0,True,False,False
94710,60474006865.0,912.0,5789.0,4.0,84.25,84.78211,0.0,True,False,False
94801,62817034794.42857,4233.857142857143,4744.428571428572,0.7142857142857143,15.122857142857141,18.65932714285714,0.0,True,False,True
94803,62746456919.0,2462.75,4106.5,2.0,38.949999999999996,35.8849625,0.0,True,True,True
94804,62033777969.5,3706.2,4443.0,1.0,20.884000000000004,21.644233,0.0,True,True,True
94806,62490633386.375,4140.25,4947.75,0.75,17.643749999999997,19.942055,0.0,True,True,True
94901,63509451552.44444,2740.1111111111113,4635.0,1.8888888888888888,42.48444444444445,41.746412222222226,0.0,True,True,True
94903,65909887955.4,454.0,5789.0,4.5,92.16,92.68796499999999,0.0,True,False,True
94928,60821528560.333336,2194.1428571428573,4305.285714285715,2.5714285714285716,49.94714285714286,48.12374857142857,0.0,True,True,True
94949,62127406820.25,2262.75,5020.5,3.0,57.685,53.862432500000004,0.0,True,True,False
94952,61671226660.5,1397.25,5789.0,3.75,75.86500000000001,75.01675,0.0,True,False,True
94954,63134436087.42857,1985.5714285714287,4305.285714285715,2.7142857142857144,52.60142857142857,51.05365571428571,0.0,True,True,True
94965,61880407447.0,3339.5,5789.0,2.5,42.315,43.992005,0.0,True,False,False
95002,63543006043.0,2052.0,5789.0,3.0,64.55,60.29319,0.0,True,False,False
95008,60720005202.333336,1477.6666666666667,5789.0,4.0,74.47666666666667,72.94562,0.0,True,False,False
95020,61384517143.4,1963.0,4228.777777777777,2.7777777777777777,59.503333333333345,56.329996666666666,0.0,True,True,True
95023,61395151975.0,2465.0,5276.666666666667,3.1666666666666665,57.38,56.33315666666667,0.0,True,True,False
95035,62450003670.0,934.6,5057.8,3.8,74.15,73.309078,0.0,True,False,True
95037,62317262397.44444,1718.2222222222222,4228.777777777777,3.111111111111111,59.04333333333333,57.33467888888889,0.0,True,True,True
95050,63543006940.833336,1645.5,4667.333333333333,3.0,62.77333333333333,60.499356666666664,0.0,True,True,True
95051,63228755864.125,1179.875,4947.75,3.75,75.14874999999999,72.45650499999999,0.0,True,True,True
95060,63735535298.85714,1523.6666666666667,4058.0,2.6666666666666665,54.86000000000001,54.02829666666667,0.0,True,True,True
95062,63015506262.5,1955.0,4305.285714285715,2.7142857142857144,53.99857142857143,51.89505857142858,0.0,True,True,True
95065,62981338153.0,1250.6666666666667,5789.0,4.0,78.39666666666666,76.27705666666667,0.0,True,False,False
95076,62678387753.9,3241.3333333333335,4293.444444444444,1.3333333333333333,27.447777777777777,27.811517777777777,0.0,True,True,True
95110,61274126454.166664,2484.6666666666665,4667.333333333333,2.3333333333333335,42.29833333333334,41.114110000000004,0.0,True,True,True
95111,61693593592.7,2464.5555555555557,4358.111111111111,2.3333333333333335,47.37222222222223,44.360568888888885,0.0,True,True,True
95112,62008897919.333336,3654.8571428571427,4471.571428571428,1.1428571428571428,19.867142857142856,21.341305714285717,0.0,True,True,True
95116,60346056606.5,3742.5,4866.8,1.1,24.259,24.489443,0.0,True,True,False
95117,61044779245.0,2254.0,4875.0,2.25,47.6,45.1405325,0.0,True,False,True
95118,63260256287.375,1242.0,3649.5,3.25,66.85875,66.07324875,0.0,True,True,True
95121,61326670932.22222,1953.0,5382.777777777777,3.4444444444444446,65.66111111111111,63.58934666666667,0.0,True,False,True
95122,60551627511.6,1929.875,3722.25,2.5,47.118750000000006,46.910976250000004,0.0,True,True,True
95123,62028058586.25,2402.8571428571427,4827.571428571428,2.2857142857142856,49.72714285714285,47.568998571428565,0.0,True,True,True
95125,63002506424.333336,3127.0,5789.0,2.3333333333333335,45.98499999999999,46.54248333333334,0.0,True,False,False
95126,63459005719.0,2016.3333333333333,3545.6666666666665,2.3333333333333335,44.98,40.474866666666664,0.0,True,True,True
95127,60425273449.666664,2096.125,3119.75,1.375,31.002499999999998,28.709201250000003,0.0,True,True,True
95128,61587004185.4,2019.6,3711.8,2.6,52.386,47.94525,0.0,True,True,True
95130,62205605208.2,705.0,5174.2,4.4,86.286,85.79433200000001,0.0,True,True,False
95131,65748863645.28571,1667.2,4326.6,2.4,48.456,48.367264,0.0,True,False,True
95133,60949407354.85714,1881.4285714285713,3260.714285714286,2.2857142857142856,48.66571428571429,46.03262857142857,0.0,True,True,True
95136,62773077671.14286,2513.0,4570.333333333333,1.8333333333333333,41.578333333333326,38.528713333333336,0.0,True,False,True
95139,62583003879.0,1639.0,4252.0,3.0,63.015,57.45619,0.0,True,True,False
95148,61473671914.888885,1638.5555555555557,4699.666666666667,3.2222222222222223,64.23333333333332,62.27275,0.0,True,True,True
95202,61560075162.75,2591.25,4033.75,2.0,41.39625,41.2598875,0.0,True,True,True
95203,63207060348.333336,3472.4,4326.6,1.4,32.32,33.969924000000006,0.0,True,False,True
95205,62600609287.888885,3988.5555555555557,4976.555555555556,1.1111111111111112,23.224444444444448,24.429693333333333,0.0,True,False,True
95206,62293177010.0,3868.714285714286,4744.428571428572,1.1428571428571428,21.687142857142856,22.88073142857143,0.0,True,False,True
95207,62549430654.111115,3397.0,5266.714285714285,1.8571428571428572,39.53857142857142,40.40178428571429,0.0,True,False,True
95210,62301698814.4,3819.625,5332.0,1.375,29.502499999999998,31.279315,0.0,True,False,True
95212,61909576093.22222,2302.3333333333335,4293.444444444444,2.5555555555555554,50.68333333333333,48.75894888888889,0.0,True,True,True
95219,62179806904.6,2631.8,5789.0,2.8,54.536,53.17250200000001,0.0,True,False,False
95231,62361003578.0,5259.0,5789.0,0.0,9.16,14.738679999999999,0.0,True,False,False
95240,62223004641.5,4020.25,5332.0,1.125,23.113750000000003,23.95657,0.0,True,False,True
95252,60687006318.666664,3691.3333333333335,4764.333333333333,1.3333333333333333,24.86,24.592563333333334,0.0,True,True,False
95301,60766804262.0,2218.8888888888887,4293.444444444444,2.3333333333333335,47.866666666666674,43.94897888888889,0.0,True,True,True
95304,61889149362.57143,3444.25,5020.5,1.75,38.28,39.458749999999995,0.0,True,True,False
95307,60813005883.0,3137.125,3649.5,1.125,20.555,22.0079625,0.0,True,True,True
95313,61772502454.0,1375.0,4252.0,3.5,63.925000000000004,59.39357,0.0,True,True,False
95326,60285435023.0,1684.8,3097.0,2.2,44.614,42.086194,0.0,True,True,True
95336,62361005914.666664,2899.6666666666665,4570.333333333333,1.8888888888888888,36.59888888888889,35.58210555555556,0.0,True,False,True
95337,62361008155.57143,2367.6,5057.8,2.8,50.488,48.576488000000005,0.0,True,False,True
95338,64912129732.625,2117.3333333333335,4570.333333333333,3.0,58.580000000000005,54.15676,0.0,True,False,True
95340,62460672471.22222,3008.6666666666665,4699.666666666667,1.7777777777777777,35.917777777777786,34.29406555555556,0.0,True,True,True
95341,65450098232.2,2260.3333333333335,4667.333333333333,2.6666666666666665,51.27333333333333,46.61408333333333,0.0,True,True,True
95350,62442896953.6,3644.5555555555557,5382.777777777777,1.6666666666666667,32.053333333333335,31.267159999999997,0.0,True,False,True
95351,61549774889.111115,4208.888888888889,5041.222222222223,0.8888888888888888,19.99,22.44357111111111,0.0,True,True,True
95354,61761318163.625,3616.0,5276.666666666667,1.5,32.11333333333334,31.415595,0.0,True,True,True
95355,63201406492.2,1919.9,4443.0,2.9,59.48,57.027310000000014,0.0,True,True,True
95356,62851578008.0,2257.6,5057.8,2.8,56.40599999999999,52.160036000000005,0.0,True,False,True
95358,63160462094.888885,2994.375,4947.75,1.75,35.4925,35.60468875,0.0,True,True,True
95361,60227839246.666664,2182.6666666666665,4228.777777777777,2.4444444444444446,46.91222222222222,43.943707777777774,0.0,True,True,True
95366,62906859074.0,1604.2857142857142,4744.428571428572,3.142857142857143,63.271428571428565,61.52633714285714,0.0,True,False,True
95367,60649591675.166664,2380.8333333333335,4058.0,2.0,38.973333333333336,36.86904333333333,0.0,True,True,True
95368,63390009595.25,2515.25,5020.5,2.5,50.155,44.7637125,0.0,True,True,False
95370,62798707603.75,2215.0,4326.6,2.4,46.968,45.467142,0.0,True,False,True
95376,60025164138.55556,2714.625,4563.5,2.0,39.0525,36.40985,0.0,True,True,True
95380,60156973139.125,2940.8571428571427,4305.285714285715,1.4285714285714286,29.26285714285714,27.870671428571427,0.0,True,True,True
95382,60015811648.0,2683.0,4827.571428571428,2.4285714285714284,47.924285714285716,45.944564285714286,0.0,True,True,True
95388,63929407972.6,2477.0,5174.2,2.6,52.884,47.553554,0.0,True,True,False
95401,62557526998.8,3247.2,5057.8,1.6,34.553,34.153020999999995,0.0,True,False,True
95403,62168707186.85714,3522.8,5174.2,1.6,29.201999999999998,29.041952000000002,0.0,True,True,False
95404,62963576930.14286,2781.1428571428573,5349.857142857143,2.2857142857142856,47.23428571428571,45.750137142857135,0.0,True,True,False
95405,62683630232.375,1564.8,4443.0,3.0,61.95399999999999,58.6438,0.0,True,True,True
95407,62542051704.333336,3576.0,4947.75,1.125,25.99625,26.2475625,0.0,True,True,True
95409,63383632456.875,944.6666666666666,4667.333333333333,4.0,81.67166666666667,79.95629666666667,0.0,True,True,True
95422,63425888684.0,5393.5,5789.0,0.5,6.83,11.393365000000001,0.0,True,False,False
95437,61256117102.0,2133.75,3192.5,1.5,29.805000000000003,28.85,0.0,True,True,True
95476,63283256112.875,2913.625,4563.5,1.875,35.33875,33.86163875,0.0,True,True,True
95482,64283709036.888885,3836.8333333333335,5179.666666666667,1.0,23.541666666666668,24.59974166666667,0.0,True,False,True
95490,62897753996.0,2673.75,4106.5,1.5,34.5225,34.514405000000004,0.0,True,True,True
95492,60003409197.14286,2065.8,3711.8,2.4,42.24999999999999,38.178002,0.0,True,True,True
95501,62895978433.0,1966.6,2980.6,2.2,43.838,42.633894,0.0,True,True,True
95503,62052249504.666664,2426.8333333333335,5276.666666666667,2.8333333333333335,56.97,56.94991166666667,0.0,True,True,False
95519,61793402549.0,1641.75,4106.5,3.0,61.0925,56.7181475,0.0,True,True,True
95521,60545485080.44444,1540.375,3961.0,2.875,59.35,57.1465375,0.0,True,False,True
95531,63954530431.625,3119.75,4106.5,1.25,28.232499999999998,28.204,0.0,True,True,True
95540,61794919327.85714,2429.6666666666665,4058.0,1.5,36.431666666666665,34.69965666666666,0.0,True,True,True
95603,63467778126.5,2076.0,4058.0,2.3333333333333335,44.55833333333334,41.972094999999996,0.0,True,True,True
95605,62849144322.0,4447.666666666667,5789.0,1.0,23.166666666666668,24.171519999999997,0.0,True,False,False
95608,63049919021.125,3415.75,5404.75,1.875,37.425,36.74377249999999,0.0,True,True,False
95610,64401773302.5,3445.4,5057.8,1.8,32.04600000000001,30.546280000000003,0.0,True,False,True
95616,61062006498.44444,743.8333333333334,3961.0,4.0,78.62833333333333,77.93233333333335,0.0,True,False,True
95618,61062011541.0,518.0,2715.0,4.0,80.92,78.5269,0.0,False,True,False
95620,61015156090.5,2584.1428571428573,4305.285714285715,2.0,40.27285714285715,37.523402857142855,0.0,True,True,True
95621,63462005781.42857,3090.5714285714284,4827.571428571428,1.8571428571428572,35.714285714285715,35.05395142857143,0.0,True,True,True
95624,61115739437.22222,1813.0,5041.222222222223,3.3333333333333335,64.54444444444444,60.934855555555565,0.0,True,True,True
95628,63462006466.28571,1152.6666666666667,3351.6666666666665,3.0,60.01500000000001,57.266929999999995,0.0,True,False,True
95630,61389006112.28571,782.4285714285714,4305.285714285715,4.142857142857143,78.12428571428572,77.71224714285714,0.0,True,True,True
95632,61480131054.0,1784.375,4033.75,2.875,54.651250000000005,51.44071375000001,0.0,True,True,True
95648,63318854097.333336,1602.8333333333333,5276.666666666667,3.5,69.58666666666666,66.30093666666666,0.0,True,True,False
95650,62392505649.0,769.0,5179.666666666667,4.166666666666667,84.99333333333333,84.74587333333334,0.0,True,False,True
95655,65245860439.5,2671.5,5789.0,2.5,53.85,53.77155,0.0,True,False,False
95660,60133205912.3,3417.0,4875.0,1.5,29.18625,27.86756875,0.0,True,False,True
95661,62481007102.14286,1110.8,4443.0,4.2,79.5,77.95938,0.0,True,True,True
95662,62236221152.0,1376.5714285714287,4388.428571428572,3.2857142857142856,66.75857142857141,63.183460000000004,0.0,True,True,True
95667,63522229260.75,1122.8,3213.4,3.4,67.13000000000001,61.98625,0.0,True,True,True
95670,61648128183.5,2772.0,4305.285714285715,1.7142857142857142,33.49,32.94685285714286,0.0,True,True,True
95673,60148048557.28571,2200.3333333333335,4155.0,2.3333333333333335,50.19833333333333,47.572471666666665,0.0,True,True,True
95677,60028991378.833336,873.5,5276.666666666667,4.0,83.39666666666666,83.54422833333332,0.0,True,True,False
95678,63360863913.28571,2190.285714285714,4305.285714285715,2.4285714285714284,46.93142857142857,44.09354428571429,0.0,True,True,True
95682,61074519148.0,917.6666666666666,4155.0,3.8333333333333335,80.10833333333333,78.447755,0.0,True,True,True
95683,61233001394.0,636.0,5789.0,4.0,89.01,90.11751,0.0,True,False,False
95687,64035007820.5,2629.5714285714284,5266.714285714285,2.4285714285714284,53.49857142857143,50.14625142857143,0.0,True,False,True
95688,63628363443.333336,1726.5555555555557,4635.0,3.0,60.67222222222222,56.90399000000001,0.0,True,True,True
95691,63280811292.333336,1871.8333333333333,5179.666666666667,3.1666666666666665,63.673333333333325,60.805351666666674,0.0,True,True,True
95695,64907620236.0,3412.714285714286,4910.714285714285,1.4285714285714286,31.261428571428574,29.69824,0.0,True,True,True
95713,62002502860.5,1536.0,3961.0,3.5,69.62,66.081485,0.0,True,False,True
95747,62530886568.25,906.875,5404.75,4.375,83.715,83.84941125,0.0,True,True,False
95757,61233009986.8,802.1,4077.4,3.7,78.80199999999999,77.96462900000002,0.0,True,True,True
95758,61115964195.0,1792.111111111111,4635.0,3.0,60.39999999999999,56.04538888888889,0.0,True,True,True
95762,60855312123.333336,677.5,5789.0,4.5,88.29499999999999,89.052375,0.0,True,False,False
95765,60113491047.1,904.625,5404.75,4.375,83.81249999999999,83.88023375,0.0,True,True,False
95776,64408771213.4,2220.5,3961.0,2.5,51.295,46.992655,0.0,True,False,True
95814,63384014056.0,2722.0,5789.0,3.0,52.98,47.70048,0.0,True,False,False
95816,63384005259.0,873.5,4252.0,4.0,80.845,79.61481,0.0,True,True,False
95817,61776607143.75,3733.25,4875.0,0.75,20.3025,21.852040000000002,0.0,True,False,True
95818,63384006721.375,2102.25,4033.75,2.5,50.49875,49.282105,0.0,True,True,True
95819,63384005262.75,609.75,4875.0,4.25,85.975,85.1565275,0.0,True,False,True
95820,62596144617.125,3414.5,4418.0,1.625,27.435,27.77829625,0.0,True,False,True
95821,62241296054.125,2612.4285714285716,4305.285714285715,2.142857142857143,42.540000000000006,40.84015142857142,0.0,True,True,True
95822,63384007090.111115,4381.666666666667,5789.0,1.1666666666666667,24.310000000000002,27.040388333333336,0.0,True,True,False
95823,61840027735.22222,3551.1428571428573,4827.571428571428,1.4285714285714286,25.965714285714284,25.450217142857145,0.0,True,True,True
95824,63384005765.666664,4104.333333333333,4764.333333333333,0.6666666666666666,13.396666666666667,15.86734833333333,0.0,True,True,False
95825,65342240869.0,4006.4,4326.6,0.2,6.7459999999999996,11.747207999999999,0.0,True,False,True
95826,62481264584.14286,2578.3333333333335,5276.666666666667,2.8333333333333335,51.321666666666665,46.49017166666667,0.0,True,True,False
95827,64337124854.5,3165.1666666666665,3961.0,1.3333333333333333,28.186666666666667,29.388091666666668,0.0,True,False,True
95829,61233008481.2,1406.8,4443.0,3.6,67.97200000000001,63.399468,0.0,True,True,True
95831,63384005823.666664,2903.1666666666665,5179.666666666667,2.1666666666666665,46.56333333333333,46.39676833333334,0.0,True,False,True
95833,60052204644.875,3371.0,4947.75,1.625,32.90375,32.61804625,0.0,True,True,True
95834,60047922918.5,1649.875,3576.75,2.75,52.21000000000001,50.289860000000004,0.0,True,True,True
95835,60044397800.125,2218.4285714285716,4827.571428571428,2.7142857142857144,52.51571428571429,49.97775571428571,0.0,True,True,True
95838,60803587176.4,3308.0,4222.142857142857,1.2857142857142858,27.051428571428573,27.00390285714286,0.0,True,False,True
95841,61797606479.0,2907.0,5789.0,2.0,49.78,44.53171,0.0,True,False,True
95842,60133204473.0,2896.6666666666665,4667.333333333333,1.8333333333333333,39.12166666666667,36.23358666666667,0.0,True,True,True
95843,61195564555.55556,1969.5555555555557,4228.777777777777,2.6666666666666665,55.87222222222223,51.68126000000001,0.0,True,True,True
95864,63054683006.25,1715.142857142857,4305.285714285715,3.0,62.01,60.48582428571429,0.0,True,True,True
95901,62904583540.44444,2906.714285714286,4910.714285714285,2.142857142857143,41.32285714285714,39.40145142857143,0.0,True,True,False
95926,60621284061.333336,2098.0,4155.0,2.6666666666666665,54.89500000000001,52.57641833333333,0.0,True,True,True
95928,61379419679.0,2053.0,4764.333333333333,3.0,61.45499999999999,60.07259333333334,0.0,True,True,True
95945,63084742167.44444,1966.8333333333333,4667.333333333333,2.6666666666666665,56.583333333333336,51.88229333333334,0.0,True,True,True
95949,62720151228.85714,1352.2,4443.0,3.6,69.804,66.313106,0.0,True,True,True
95953,62019530987.25,1675.1666666666667,4058.0,2.8333333333333335,56.946666666666665,52.104773333333334,0.0,True,True,True
95954,62982006430.333336,,,,,,0.0,True,False,True
95959,64349066399.85714,1677.0,4570.333333333333,2.6666666666666665,52.43666666666667,51.53384333333333,0.0,True,False,True
95961,62621706019.0,2961.4,4750.4,1.8,38.36299999999999,38.215101999999995,0.0,True,True,True
95965,64694607812.44444,3266.3333333333335,4764.333333333333,1.3333333333333333,29.810000000000002,28.74998666666667,0.0,True,True,True
95966,63889958600.6,2745.0,3545.6666666666665,1.3333333333333333,26.95,26.159876666666666,0.0,True,True,True
95973,60201411569.0,2515.0,5789.0,3.0,56.56,51.58043,0.0,True,False,False
95988,63776680185.57143,3151.4,3711.8,0.8,18.048,20.084252,0.0,True,True,True
95991,63929548242.2,3383.222222222222,5041.222222222223,1.6666666666666667,31.865555555555552,30.298674444444444,0.0,True,True,True
95993,65172183656.625,2375.285714285714,4744.428571428572,2.2857142857142856,47.55285714285714,46.939368571428574,0.0,True,False,True
96001,62840528606.333336,2877.0,4875.0,2.0,38.47,37.599973750000004,0.0,True,False,True
96002,61643267960.375,1938.142857142857,3866.1428571428573,2.4285714285714284,47.82714285714286,43.95493142857142,0.0,True,True,True
96003,61104944142.0,2053.25,5020.5,3.0,61.667500000000004,58.8013225,0.0,True,True,False
96007,60898337387.77778,1668.2,3097.0,2.6,50.910000000000004,48.216116,0.0,True,True,True
96021,61305903851.8,3074.875,4490.75,1.5,30.542499999999997,30.4939375,0.0,True,True,True
96080,62520762165.14286,2262.0,4910.714285714285,2.7142857142857144,56.06,51.73834857142857,0.0,True,True,False
96097,64452997956.55556,1199.6666666666667,2327.0,2.6666666666666665,48.25333333333333,42.99176,0.0,True,True,True
96130,63914497236.7,1985.2,4443.0,2.8,54.471999999999994,51.322872,0.0,True,True,True
96150,62064004144.625,2374.5714285714284,4305.285714285715,2.142857142857143,44.20285714285715,41.321665714285714,0.0,True,True,True
96161,63054130578.111115,997.2857142857143,4305.285714285715,3.5714285714285716,72.13571428571429,70.72394285714286,0.0,True,True,True
