zip,rank,rankOf,rankStars,rankStatewidePercentage,averageStandardScore,has_elementary,has_middle,has_high
90001,2499.6,3770.0,1.6,32.665,30.65371,1,1,1
90002,3507.25,4490.75,1.0,22.12,22.59364875,1,1,1
90003,2792.8888888888887,4293.444444444444,2.0,40.26444444444444,38.484602222222215,1,1,1
90004,2183.625,4875.0,2.625,55.1175,51.60554875,1,0,1
90005,2005.375,3649.5,2.25,45.96,42.58933749999999,1,1,1
90006,4072.0,4764.333333333333,0.6666666666666666,13.338333333333336,16.783618333333333,1,1,0
90007,3058.5,4033.75,1.625,32.0225,31.49634125,1,1,1
90008,3114.833333333333,4155.0,1.3333333333333333,30.436666666666667,29.898301666666665,1,1,1
90010,1012.0,2715.0,3.0,62.73,55.44611999999999,0,1,0
90011,3042.1,4135.6,1.5,28.187,27.135184,1,1,1
90012,2104.4,4326.6,2.8,55.424,54.06308,1,0,1
90014,,,,,,1,0,0
90015,2366.8,4326.6,2.4,47.71,45.671864,1,0,1
90016,3106.333333333333,4667.333333333333,1.6666666666666667,31.203333333333333,28.865296666666666,1,1,1
90017,2766.1666666666665,3448.6666666666665,1.1666666666666667,23.12166666666667,23.10657,1,1,1
90018,2515.0,4443.0,2.4,47.354000000000006,43.343514,1,1,1
90019,2977.375,4106.5,1.5,30.97125,30.71476125,1,1,1
90020,3994.0,5789.0,2.0,31.01,29.22691,1,0,0
90021,2830.6666666666665,3448.6666666666665,0.6666666666666666,14.949999999999998,16.335449999999998,1,1,1
90022,2809.0,4388.428571428572,1.7142857142857142,36.10571428571429,33.53794571428572,1,1,1
90023,3371.0,4827.571428571428,1.7142857142857142,33.58428571428571,32.61263857142857,1,1,1
90024,494.0,4764.333333333333,4.333333333333333,83.90333333333334,81.07222999999999,1,1,0
90025,1599.0,4326.6,3.4,66.75800000000001,65.134558,1,0,1
90026,2107.6,3961.0,2.3,46.807,44.30419,1,0,1
90027,878.6666666666666,4570.333333333333,4.333333333333333,79.98666666666666,78.22248333333333,1,0,1
90028,1822.428571428572,3783.0,2.2857142857142856,46.51428571428571,43.19571428571429,1,1,1
90029,3221.5,5020.5,2.25,41.26,39.548905,1,1,0
90031,2959.9,4750.4,1.7,38.721,36.883848,1,1,1
90032,2624.375,4490.75,2.5,49.5675,48.2024975,1,1,1
90033,2676.0,3961.0,1.9,38.363,37.857227,1,0,1
90034,1699.875,4106.5,2.75,55.65625,53.72525875000001,1,1,1
90035,1833.6666666666667,4570.333333333333,3.333333333333333,67.16666666666667,67.25220333333333,1,0,1
90036,965.0,5789.0,4.0,83.33,84.02783000000001,1,0,0
90037,2967.111111111112,4976.555555555556,1.8888888888888888,41.80111111111111,40.222936666666655,1,0,1
90038,3653.0,4764.333333333333,1.0,22.39333333333333,23.161246666666667,1,1,0
90039,2180.2,5789.0,3.2,62.342,60.08788,1,0,0
90040,4756.5,5789.0,1.0,17.835,20.465175,1,0,1
90041,1080.0,4326.6,3.6,73.79,71.04145600000001,1,0,1
90042,3158.0,4875.0,1.75,37.71125,36.2258675,1,0,1
90043,3543.333333333333,4228.777777777777,1.0,22.444444444444443,23.75171444444445,1,1,1
90044,3178.222222222222,3822.555555555556,0.8888888888888888,18.552222222222223,19.87969,1,1,1
90045,1602.5,4764.333333333333,3.0,61.69166666666667,59.18897333333334,1,1,0
90046,2051.5,4875.0,3.0,60.59250000000001,60.5749775,1,0,1
90047,1561.0,2249.4,1.6,31.134000000000004,28.225720000000003,0,1,1
90048,3036.0,5789.0,2.5,47.555,43.216095,1,0,0
90049,1161.0,5789.0,4.0,79.94333333333333,78.10550333333333,1,0,0
90057,3254.1666666666665,4570.333333333333,1.5,34.45,33.910358333333335,1,0,1
90058,4238.0,5789.0,1.5,26.795,27.140275,1,0,0
90062,3201.5714285714284,3593.285714285714,0.7142857142857143,13.764285714285714,15.89417,1,1,1
90063,1871.125,3192.5,2.0,41.61000000000001,39.033617500000005,1,1,1
90064,1270.6,4443.0,3.0,60.158,58.777606000000006,1,1,1
90065,2813.111111111112,4635.0,2.111111111111111,45.21000000000001,44.45508555555556,1,1,1
90066,1702.428571428571,4910.714285714285,3.2857142857142856,60.44571428571429,58.05891571428571,1,1,1
90069,624.0,5789.0,4.0,89.22,90.33614,1,0,0
90071,414.5,2133.0,4.0,80.57,77.185845,0,0,1
90094,1527.0,5789.0,4.0,73.62,71.75773000000001,1,0,0
90201,3284.75,4490.75,1.625,30.1175,29.561840000000004,1,1,1
90211,980.0,5789.0,4.0,83.07,83.73631999999999,1,0,0
90212,410.5,3961.0,4.5,90.05000000000001,88.96597,0,1,1
90220,2653.714285714286,3949.285714285714,1.2857142857142858,28.09857142857143,26.98765714285714,1,1,1
90221,3116.1666666666665,5179.666666666667,2.0,38.84666666666666,35.51230666666667,1,0,1
90222,2585.1,4384.8,1.9,40.81999999999999,38.750979,1,1,1
90230,839.2857142857143,4305.285714285715,3.7142857142857135,75.74428571428572,74.39934428571428,1,1,1
90232,1527.5,5789.0,3.5,73.61500000000001,72.01711,1,0,0
90241,1701.0,3711.8,2.4,50.736,47.013724,1,1,1
90242,2335.6,5174.2,2.8,55.24400000000001,50.47076,1,1,1
90245,676.75,3119.75,3.75,71.27,69.7605425,1,1,1
90247,3119.8571428571427,4910.714285714285,1.8571428571428568,36.32,33.70068285714285,1,1,0
90250,2092.8571428571427,3783.0,2.2857142857142856,43.34571428571428,40.61588714285714,1,1,1
90254,124.0,2715.0,5.0,95.43,95.27677,1,1,0
90255,2090.6,3711.8,2.3,45.471,42.016036,1,1,1
90260,1887.3,3653.6,2.4,44.508,42.503238,1,1,1
90262,2759.2,4135.6,1.6,31.446000000000005,29.66095,1,1,1
90270,2765.333333333333,4570.333333333333,2.333333333333333,41.39,38.45059,1,0,1
90277,517.2,3711.8,4.0,79.596,78.46493000000001,1,1,1
90278,434.8333333333333,5276.666666666667,4.666666666666667,91.815,92.20865333333332,1,1,0
90280,2700.333333333333,5382.777777777777,2.4444444444444446,52.29111111111112,48.68209777777778,1,0,1
90290,915.0,5789.0,4.0,84.19,84.75867,1,0,0
90292,3557.0,5789.0,2.0,38.56,34.69587,1,0,0
90301,2685.2,3404.4,1.1,23.671000000000003,24.53194,1,1,1
90303,3745.375,4947.75,1.375,26.425,25.7947275,1,1,1
90304,2203.285714285714,4827.571428571428,2.857142857142857,55.862857142857145,51.08677428571429,1,1,1
90403,187.66666666666663,4764.333333333333,5.0,95.62333333333332,95.52891,1,1,0
90404,1122.0,5789.0,4.0,80.61500000000001,81.02493000000001,1,0,0
90405,971.5,4667.333333333333,4.166666666666667,80.48166666666667,79.14758,1,1,1
90501,1499.2,4443.0,3.0,59.938,56.596398,1,1,1
90503,536.0,3944.6,4.4,86.786,86.00321199999999,1,1,0
90504,970.0,4388.428571428572,3.857142857142857,78.50571428571428,76.69691285714286,1,1,1
90505,415.75,4252.0,4.75,90.6675,91.2377275,1,1,0
90602,3021.0,5789.0,2.0,47.815,42.765240000000006,1,0,0
90604,1450.7142857142858,3866.142857142857,2.857142857142857,59.10714285714285,55.96768,1,1,1
90606,1733.857142857143,4388.428571428572,3.0,60.84571428571429,55.64308714285714,1,1,1
90620,1623.0,5349.857142857143,3.2857142857142856,68.38714285714286,65.31574857142857,1,1,1
90621,2644.5,5179.666666666667,2.6666666666666665,49.278333333333336,45.86772833333333,1,0,1
90631,2878.75,4947.75,2.0,44.075,42.59353375,1,1,1
90638,1463.0,4827.571428571428,3.4285714285714284,68.84,66.01702857142858,1,1,1
90640,3274.833333333333,4155.0,1.1666666666666667,24.21166666666667,25.256565,1,1,1
90650,3108.0,5116.0,1.8,38.073,36.630358,1,1,1
90680,1983.0,5789.0,3.0,65.75,61.703140000000005,1,0,0
90701,2096.75,5020.5,3.0,59.5575,55.408895,1,1,0
90703,656.5,4077.4,4.1,80.618,79.32794700000001,1,1,1
90706,2600.2,5057.8,2.8,51.352,46.986798,1,0,1
90710,2684.0,3961.0,1.8333333333333333,32.75666666666667,30.89731333333333,1,0,1
90712,2067.25,4947.75,2.875,55.01125,52.60847625000001,1,1,1
90715,2754.0,5057.8,2.4,46.12,41.881022,1,0,1
90717,1754.6666666666667,4764.333333333333,3.333333333333333,61.23333333333333,56.87501666666666,1,1,0
90720,142.875,4563.5,5.0,96.5375,96.124275,1,1,1
90723,2765.1,4866.8,2.1,41.916,37.951827,1,1,0
90731,2723.8888888888887,4570.333333333333,2.2222222222222223,44.736666666666665,42.69288,1,0,1
90740,520.0,5789.0,5.0,91.02,92.02151,1,0,0
90744,2960.111111111112,4570.333333333333,1.8888888888888888,38.69111111111111,38.49912333333333,1,0,1
90747,25.0,2133.0,5.0,98.83,98.8618,0,0,1
90755,1365.5,4252.0,3.5,65.295,60.370215,1,1,0
90802,2617.25,5020.5,2.5,47.235,42.781355,1,1,0
90803,640.8,5174.2,4.6,88.09,87.012212,1,1,0
90804,1875.4,4443.0,3.0,58.28,52.890150000000006,1,1,1
90805,2909.125,4947.75,2.0,39.87125,36.15042875,1,1,1
90806,2321.4,5789.0,3.2,59.89999999999999,55.834264,1,0,0
90807,1469.8333333333333,4155.0,3.0,63.06,62.35747333333333,1,1,1
90808,743.875,4179.25,4.0,82.515,81.116955,1,1,1
90813,1777.142857142857,3699.857142857143,2.4285714285714284,49.68571428571429,45.408158571428565,1,0,1
90814,1530.5,5789.0,4.0,73.56,71.25616,1,0,0
91001,3019.833333333333,4667.333333333333,1.6666666666666667,36.63166666666667,35.60194,1,1,1
91006,639.6,3944.6,4.6,87.486,86.491738,1,1,0
91016,1189.3333333333333,4058.0,3.333333333333333,67.84,64.61426166666668,1,1,1
91101,2801.0,3961.0,1.0,21.295,22.33528,1,0,1
91103,3063.0,4106.5,1.25,23.9475,23.6384125,1,1,1
91104,2944.6666666666665,4570.333333333333,2.0,43.653333333333336,42.25561666666667,1,0,1
91105,1532.0,5789.0,4.0,73.54,71.67123000000001,1,0,0
91106,3132.0,3961.0,1.5,28.605,29.449,1,0,1
91201,1369.3333333333333,5789.0,4.0,76.34333333333332,74.89864333333334,1,0,0
91202,765.0,3545.6666666666665,4.0,75.94333333333334,72.94179666666666,1,1,1
91203,3410.0,5789.0,2.0,41.1,36.68815,1,0,0
91204,2047.0,5789.0,3.0,64.64,60.38768,1,0,0
91205,1803.6,5057.8,3.2,64.138,60.21002,1,0,1
91206,1458.2,3828.2,3.0,57.078,53.037978,1,1,1
91207,,,,,,0,0,0
91208,1061.0,5789.0,4.0,81.67,81.97755,1,0,0
91214,510.5,4570.333333333333,4.5,89.72666666666667,89.58088,1,0,1
91301,819.8,4443.0,4.2,81.21000000000001,79.342692,1,1,1
91303,3339.428571428572,4744.428571428572,1.5714285714285714,29.29142857142857,27.96070142857143,1,0,1
91304,2603.0,5276.666666666667,2.333333333333333,47.580000000000005,46.56266166666666,1,1,0
91306,3227.5714285714284,4471.571428571428,1.2857142857142858,28.335714285714285,28.711440000000003,1,1,0
91311,1452.4,3711.8,2.8,56.4,52.301534,1,1,1
91316,1169.6666666666667,5789.0,4.333333333333333,79.79666666666667,78.29391666666668,1,0,0
91320,1009.875,4947.75,4.125,80.37375,79.0429525,1,1,1
91321,1448.428571428571,4827.571428571428,3.7142857142857135,72.22428571428571,69.76024714285714,1,1,1
91324,2171.2,4559.4,2.6,52.974,52.42045,1,1,0
91325,1671.3333333333333,5179.666666666667,3.333333333333333,68.1,64.27422833333334,1,0,1
91326,731.0,5789.0,4.25,87.375,87.90756750000001,1,0,0
91331,3023.777777777778,4293.444444444444,1.4444444444444444,28.525555555555552,28.03714888888889,1,1,1
91335,3356.0,4570.333333333333,1.6666666666666667,29.898333333333337,29.864425,1,0,1
91340,2315.25,3504.0,1.75,34.11,33.68556125,1,0,1
91342,2942.25,4875.0,1.875,37.477500000000006,35.8480825,1,0,1
91343,3417.1428571428573,4305.285714285715,1.1428571428571428,21.54714285714286,21.71994857142857,1,1,1
91344,1831.8333333333333,4667.333333333333,2.833333333333333,57.27333333333332,53.95034999999999,1,1,1
91350,1561.125,5332.0,3.25,66.95625,65.00954125,1,0,1
91352,2451.4444444444443,4228.777777777777,2.111111111111111,42.88222222222222,40.24640000000001,1,1,1
91354,586.8,4559.4,4.4,87.77599999999998,87.905946,1,1,0
91355,711.375,3961.0,4.125,82.39375,81.46759625000001,1,0,1
91356,2123.5,5020.5,3.0,60.47,58.4391875,1,1,0
91360,1870.1666666666667,5789.0,3.5,67.69333333333334,66.17987833333332,1,0,1
91362,1283.6666666666667,4155.0,3.333333333333333,66.91166666666666,66.22718833333333,1,1,1
91367,1095.6,4443.0,3.8,76.918,75.21531,1,1,1
91384,1397.5,5020.5,3.75,72.1125,69.2190425,1,1,1
91387,1558.25,5789.0,3.5,73.0825,71.2272925,1,0,0
91401,2554.333333333333,4570.333333333333,1.8333333333333333,37.18666666666667,35.81829,1,0,1
91402,3338.8888888888887,4635.0,1.3333333333333333,27.0,26.525568888888884,1,1,1
91403,1119.0,4252.0,3.5,71.05499999999999,67.238675,1,1,0
91405,3108.875,4490.75,1.875,32.7075,32.6308275,1,1,1
91406,2782.25,3961.0,1.875,38.81125,38.1530975,1,0,1
91411,2002.3333333333333,3545.6666666666665,2.0,39.12166666666666,39.12334333333333,1,1,1
91423,1056.0,4764.333333333333,4.0,76.61666666666666,74.45913,1,1,0
91501,1214.5,5789.0,4.0,79.02000000000001,78.913175,1,0,0
91502,591.0,2133.0,4.0,72.29,67.72183000000001,0,0,1
91504,1104.3333333333333,4764.333333333333,4.0,78.59666666666665,77.20381666666667,1,1,0
91505,815.6666666666666,4667.333333333333,4.0,82.32333333333334,81.63298,1,1,1
91506,961.3333333333334,2327.0,3.0,57.60666666666666,54.09288333333333,0,1,1
91601,2434.6666666666665,3961.0,1.8333333333333333,37.915,36.00473,1,0,1
91604,605.0,5789.0,4.0,89.55,90.74278,1,0,0
91605,3891.571428571429,5349.857142857143,1.4285714285714286,28.107142857142858,27.57710571428572,1,1,0
91606,3016.333333333333,5276.666666666667,2.1666666666666665,40.97833333333333,39.059333333333335,1,1,0
91607,1259.0,5789.0,4.0,78.25,76.07426500000001,1,0,0
91702,2718.111111111112,4293.444444444444,1.4444444444444444,33.86333333333333,31.96399000000001,1,1,1
91706,3130.555555555556,4699.666666666667,1.6666666666666667,35.05222222222223,33.158965555555554,1,1,1
91708,1672.0,5789.0,4.0,71.12,68.50253000000001,1,0,0
91709,1181.0,4635.0,3.4444444444444446,71.26,70.81410888888888,1,1,1
91710,2196.4,4326.6,2.4,46.058,43.92381,1,0,1
91722,1823.75,4033.75,2.5,51.325,47.701476250000006,1,1,1
91730,2359.6666666666665,5276.666666666667,2.833333333333333,56.00333333333333,52.76435833333333,1,1,0
91731,2364.833333333333,5179.666666666667,2.833333333333333,55.89333333333334,51.84593666666667,1,0,1
91732,2470.2,4443.0,2.2,43.099,39.80206,1,1,1
91733,2626.875,4947.75,2.375,48.76,44.9675325,1,1,1
91739,540.2857142857143,4388.428571428572,4.428571428571429,87.42571428571429,86.77648571428573,1,1,1
91740,1525.8333333333333,4570.333333333333,2.833333333333333,58.05833333333333,55.81439,1,0,1
91744,2509.714285714286,5266.714285714285,2.571428571428572,51.511428571428574,47.392272857142856,1,0,1
91745,1418.6,5057.8,3.7,72.16,69.773013,1,0,1
91748,1281.2,4443.0,3.8,74.55,73.08626799999999,1,1,1
91750,836.75,3961.0,3.75,71.1025,70.3692025,1,0,1
91754,1256.6,5789.0,3.8,78.29400000000001,77.454846,1,0,0
91755,1355.0,4764.333333333333,3.333333333333333,67.68333333333334,63.68067333333333,1,1,0
91761,2632.75,4563.5,2.125,44.65375,41.37049,1,1,1
91762,2709.222222222222,4635.0,2.111111111111111,43.946666666666665,40.2435,1,1,1
91763,2291.0,5332.0,2.875,58.22375,53.4464725,1,0,1
91764,3240.222222222222,5382.777777777777,2.2222222222222223,42.6411111111111,40.77866555555555,1,0,1
91765,1052.7142857142858,4827.571428571428,4.142857142857143,81.16999999999999,79.73559285714285,1,1,1
91766,2987.7,4692.2,1.9,38.983,37.676975000000006,1,0,1
91767,3565.333333333333,4635.0,1.1111111111111112,22.947777777777773,24.00274444444445,1,1,1
91768,2828.875,4490.75,2.125,41.29125,39.917635,1,1,1
91770,1153.25,5020.5,3.875,77.73,76.49686125,1,1,0
91773,1355.4,5057.8,3.2,64.78999999999999,64.644988,1,0,1
91775,855.0,5789.0,4.0,85.23,85.8361275,1,0,0
91784,679.3333333333334,4764.333333333333,4.0,85.48,85.37276000000001,1,1,0
91786,2849.0,5332.0,2.25,44.73375,41.6431425,1,0,1
91790,2202.285714285714,4827.571428571428,2.7142857142857144,54.748571428571424,50.516000000000005,1,1,1
91791,1370.1666666666667,4667.333333333333,3.333333333333333,65.06666666666668,62.888278333333325,1,1,1
91792,2707.6666666666665,4764.333333333333,2.0,39.876666666666665,36.08335,1,1,0
91801,1647.75,3961.0,3.0,54.7575,51.91813500000001,1,0,1
91803,2363.25,5789.0,2.75,59.175,54.86685,1,0,0
91901,1587.5,5020.5,3.0,68.135,64.29357999999999,1,1,0
91910,1355.142857142857,4910.714285714285,3.4285714285714284,69.67285714285714,67.57935142857143,1,1,0
91911,2330.125,4490.75,2.375,46.94875,42.64488625,1,1,1
91913,623.0,4222.142857142857,4.285714285714286,84.63142857142857,83.82148428571428,1,0,1
91915,999.25,4490.75,3.625,74.89,73.14538,1,1,1
91932,3902.2,5057.8,1.2,25.458,26.916194,1,0,1
91941,2283.8888888888887,5382.777777777777,2.888888888888889,59.42888888888889,55.860837777777775,1,0,1
91942,1185.25,4252.0,3.5,75.03750000000001,72.25859,1,1,0
91945,3476.2,5789.0,2.0,39.95,36.265648,1,0,0
91950,3236.333333333333,5447.444444444444,2.0,41.16777777777778,37.17325,1,1,0
91977,2764.625,4490.75,2.0,42.45125000000001,40.3557225,1,1,1
92003,693.3333333333334,3545.6666666666665,4.0,80.85666666666667,79.07523666666667,1,1,1
92008,907.3333333333334,4058.0,3.5,73.46,72.07671833333333,1,1,1
92010,91.0,2133.0,5.0,95.73,95.36158,0,0,1
92019,1918.75,4106.5,3.0,59.642500000000005,56.59233,1,1,1
92020,2573.25,4179.25,1.75,34.13625,34.32882625,1,1,1
92021,2254.428571428572,4388.428571428572,2.142857142857143,45.801428571428566,44.12993714285714,1,1,1
92024,566.1666666666666,4764.333333333333,4.333333333333333,88.675,89.24682,1,1,0
92025,2929.0,4388.428571428572,2.142857142857143,39.79285714285714,39.20158571428571,1,1,1
92026,2726.1428571428573,4827.571428571428,2.142857142857143,44.79142857142857,41.86637857142857,1,1,1
92027,2870.777777777778,4635.0,2.2222222222222223,42.06,41.21485333333334,1,1,1
92028,2245.8571428571427,4305.285714285715,2.2857142857142856,45.73571428571429,42.10080428571428,1,1,1
92029,663.5,3961.0,4.5,86.155,85.509895,1,0,1
92037,96.25,4106.5,5.0,96.7225,96.1133925,1,1,1
92040,2068.2,4443.0,2.6,55.922,53.782426,1,1,1
92054,2810.428571428572,4305.285714285715,1.8571428571428568,35.271428571428565,34.15900142857142,1,1,1
92056,1682.3333333333333,5276.666666666667,3.5,66.885,63.637481666666666,1,1,0
92057,1762.888888888889,4293.444444444444,3.111111111111111,61.21888888888889,59.37433222222223,1,1,1
92058,2587.5,5404.75,2.5,50.14375,49.043602500000006,1,1,0
92064,933.0,4443.0,3.6,72.126,71.834252,1,1,1
92065,2121.8571428571427,4827.571428571428,2.4285714285714284,53.77428571428571,49.22867285714286,1,1,1
92067,122.33333333333331,4764.333333333333,5.0,97.65,97.11285666666669,1,1,0
92069,905.8,4326.6,3.8,74.352,73.385604,1,0,1
92071,1927.0,5332.0,3.125,64.34375,61.85183875,1,0,1
92075,185.5,4252.0,5.0,95.34,95.281165,1,1,1
92078,1416.0,4667.333333333333,3.5,70.65833333333333,67.96590666666667,1,1,1
92081,1254.0,3961.0,3.5,70.535,66.00379,1,0,1
92082,2271.4,3711.8,1.8,38.61800000000001,35.263924,1,1,1
92083,2877.285714285714,5266.714285714285,2.142857142857143,41.85,41.558807142857134,1,0,1
92084,2796.75,4106.5,1.75,34.17,33.20722,1,1,1
92101,1312.625,2205.75,2.125,40.01375,36.23965875,0,1,1
92102,2907.8888888888887,4699.666666666667,2.0,39.27333333333333,37.907720000000005,1,1,1
92103,1139.0,5174.2,3.8,75.768,73.81769999999999,1,1,0
92104,1344.6666666666667,5789.0,4.0,76.77333333333333,75.11496666666666,1,0,0
92105,3555.555555555556,5041.222222222223,1.5555555555555556,31.241111111111103,30.173277777777773,1,1,1
92106,1430.4444444444443,3887.222222222222,3.2222222222222223,66.0311111111111,61.99964888888889,1,1,1
92107,354.25,5020.5,4.75,91.5825,91.17141499999998,1,1,0
92108,,,,,,0,0,1
92109,680.0,4667.333333333333,4.333333333333333,83.44333333333334,82.259405,1,1,1
92110,970.5,5789.0,4.25,83.235,82.81814500000002,1,0,1
92111,2031.25,5789.0,3.25,64.91,63.834142500000006,1,1,1
92113,3758.7,4808.6,1.1,21.442,22.33286,1,1,1
92114,3138.0,5057.8,1.9,38.591,36.084409,1,0,1
92115,2788.75,4875.0,2.25,41.493750000000006,39.37334500000001,1,0,1
92116,2284.0,5789.0,3.0,60.544,57.819308,1,0,0
92117,1417.571428571429,4388.428571428572,3.142857142857143,62.43999999999999,59.57659285714285,1,1,1
92118,388.0,4106.5,4.75,92.0475,92.49038,1,1,1
92119,808.5,5020.5,4.25,83.2925,82.1896775,1,1,0
92120,655.1428571428571,4388.428571428572,4.285714285714286,85.39999999999999,84.26495571428572,1,1,1
92121,896.0,2133.0,3.0,57.99,53.28312,0,0,1
92122,530.2,4443.0,4.8,89.00000000000001,88.943834,1,1,1
92123,1312.125,4875.0,3.5,72.01875000000001,69.42349625,1,0,1
92124,875.25,4563.5,3.875,78.875,77.19199499999999,1,1,1
92126,728.7142857142857,4827.571428571428,4.571428571428571,85.79714285714286,85.34460714285716,1,1,1
92128,423.6666666666667,4667.333333333333,4.5,91.32166666666669,91.70685666666668,1,1,1
92129,244.3,4808.6,5.0,94.732,94.667643,1,1,1
92130,91.25,4106.5,5.0,98.0825,97.63899750000002,1,1,1
92131,623.0,5276.666666666667,4.5,88.795,87.59251166666668,1,1,0
92139,2130.5714285714284,4827.571428571428,2.571428571428572,56.09857142857143,51.90326,1,1,1
92154,2854.0,4808.6,2.0,40.572,37.558784,1,1,1
92173,4083.8333333333335,5276.666666666667,1.0,22.31833333333333,23.19571333333333,1,1,0
92201,2818.8,4443.0,1.6,34.706,34.027981999999994,1,1,1
92211,1739.0,5789.0,3.0,69.96,67.10218,1,0,0
92220,3426.833333333333,4058.0,0.6666666666666666,15.778333333333334,18.172061666666668,1,1,1
92223,2387.714285714286,4305.285714285715,2.2857142857142856,43.72714285714286,41.03977571428571,1,1,1
92225,3432.6,4326.6,1.2,20.524,22.18999,1,0,1
92234,2622.222222222222,4293.444444444444,1.8888888888888888,38.49111111111111,35.42094444444445,1,1,1
92240,3676.0,4563.5,1.125,20.34,21.86192625,1,1,1
92243,2731.833333333333,4570.333333333333,1.8333333333333333,40.67,36.713915,1,0,1
92251,1418.25,4106.5,3.5,69.1725,64.6930225,1,1,1
92252,4090.5,5789.0,1.5,29.340000000000003,28.943240000000003,1,0,0
92253,2198.5714285714284,3866.142857142857,2.0,43.290000000000006,39.26631571428572,1,1,1
92260,1168.8,4443.0,3.8,73.61,71.12602999999999,1,1,1
92262,1685.75,4106.5,2.75,58.8875,53.6838875,1,1,1
92264,2371.5,5789.0,3.0,59.035,55.509765,1,0,0
92274,3412.5,4033.75,0.875,17.9675,20.18184375,1,1,1
92277,2859.428571428572,4827.571428571428,2.142857142857143,44.425714285714285,42.137862857142856,1,1,1
92284,2466.0,3711.8,1.8,35.574,32.460188,1,1,1
92301,4564.222222222223,5447.444444444444,0.7777777777777778,15.403333333333332,17.962854444444442,1,1,0
92307,3775.3333333333335,5179.666666666667,1.3333333333333333,28.295,27.943236666666667,1,0,1
92308,3073.6666666666665,5179.666666666667,2.0,41.18666666666667,39.33059833333333,1,0,1
92310,1594.0,4252.0,3.0,64.175,58.68596,1,1,0
92311,2899.833333333333,3545.6666666666665,1.3333333333333333,23.371666666666663,23.58112,1,1,1
92313,2162.25,4106.5,2.0,45.05,41.29966,1,1,1
92324,3860.8888888888887,5041.222222222223,1.1111111111111112,24.37444444444445,24.869624444444444,1,1,1
92335,3368.555555555556,4699.666666666667,1.5555555555555556,29.096666666666668,29.055074444444447,1,1,1
92336,1820.555555555556,4293.444444444444,2.4444444444444446,51.33333333333334,48.58677777777778,1,1,1
92337,2573.5,4326.6,1.9,40.442,37.10267399999999,1,0,1
92344,2394.2,3711.8,1.8,35.144,33.329866,1,1,1
92345,3125.5,4033.75,1.375,25.04125,25.280835000000003,1,1,1
92346,2631.5,5404.75,2.625,52.173750000000005,50.76078125,1,1,1
92354,1492.0,5789.0,4.0,74.23,72.41906,1,0,0
92359,3289.0,5789.0,2.0,43.19,38.34455,1,0,0
92368,5731.0,5789.0,0.0,1.0,5.9228,1,0,0
92373,1403.0,4827.571428571428,3.7142857142857135,73.63,71.05743571428572,1,1,1
92374,1879.7142857142856,4388.428571428572,3.142857142857143,60.57428571428572,56.46865857142858,1,1,1
92376,4118.1,5116.0,0.8,20.397,22.30786,1,1,1
92377,2538.0,4155.0,1.8333333333333333,38.60999999999999,36.500173333333336,1,1,1
92392,2391.75,3576.75,1.75,35.25,34.1658175,1,1,1
92399,2258.625,4490.75,2.125,45.8225,43.6798125,1,1,1
92404,3419.0,4471.571428571428,1.4285714285714286,28.02142857142857,29.810821428571423,1,1,0
92405,3884.625,4947.75,1.375,25.23,25.70070125,1,1,1
92407,2390.125,4947.75,2.625,52.05500000000001,48.70412875000001,1,1,1
92408,3443.1428571428573,4744.428571428572,1.7142857142857142,32.505714285714284,31.25690142857143,1,0,1
92410,2994.8888888888887,4635.0,1.7777777777777777,39.63444444444444,38.70566,1,1,1
92411,3493.714285714286,4827.571428571428,1.5714285714285714,28.93285714285714,28.90900857142857,1,1,1
92501,2385.833333333333,3961.0,1.8333333333333333,35.98333333333333,34.19521166666667,1,0,1
92503,2679.1666666666665,3545.6666666666665,1.5,28.38166666666667,27.881245,1,1,1
92505,3123.833333333333,4058.0,1.0,25.155,25.33978666666667,1,1,1
92506,2110.1666666666665,4155.0,2.333333333333333,43.90166666666666,39.54904666666667,1,1,1
92507,2554.8888888888887,4228.777777777777,2.2222222222222223,41.922222222222224,39.41704000000001,1,1,1
92509,3193.375,5020.5,1.625,35.60625,33.16543875,1,1,0
92530,3785.25,4490.75,0.75,17.70625,19.9966525,1,1,1
92532,1701.6666666666667,4667.333333333333,3.1666666666666665,64.44666666666666,60.007565,1,1,1
92543,3373.0,3887.222222222222,0.8888888888888888,18.23555555555556,22.385291111111112,1,1,1
92544,3243.428571428572,4305.285714285715,1.4285714285714286,30.69857142857143,29.992797142857142,1,1,1
92545,2638.6666666666665,4058.0,1.6666666666666667,32.501666666666665,30.28164,1,1,1
92551,2321.0,4106.5,2.5,44.220000000000006,41.254450000000006,1,1,1
92553,3893.125,4947.75,1.0,19.6825,21.3692475,1,1,1
92555,2828.714285714286,4388.428571428572,1.8571428571428568,34.651428571428575,33.06901428571429,1,1,1
92557,3377.125,4947.75,1.625,32.848749999999995,32.56911375,1,1,1
92562,1195.5,5179.666666666667,3.6666666666666665,77.53666666666668,75.83128333333333,1,0,1
92563,1113.4444444444443,5105.888888888889,4.0,78.85888888888888,77.52894111111111,1,1,0
92567,2319.5,4106.5,2.5,46.3625,42.26735,1,1,1
92570,3510.625,4875.0,1.625,33.05875,32.42119875,1,0,1
92571,2782.3,4750.4,2.0,40.187,38.313584000000006,1,1,1
92582,3057.0,4570.333333333333,1.6666666666666667,29.45,26.836510000000004,1,0,1
92583,2926.125,4179.25,1.625,32.725,32.31395500000001,1,1,1
92584,1950.5,4563.5,3.0,60.64249999999999,56.61836125000001,1,1,1
92586,1645.3333333333333,4764.333333333333,3.333333333333333,64.02333333333333,59.20025999999999,1,1,0
92587,2704.0,5789.0,3.0,53.29,47.96155,1,0,0
92590,,,,,,0,0,1
92591,1106.7142857142858,4388.428571428572,3.857142857142857,76.32285714285715,74.25923,1,1,1
92592,678.0,4667.333333333333,4.333333333333333,86.73166666666664,86.95802166666668,1,1,1
92595,2240.75,4106.5,2.25,43.245,39.154035,1,1,1
92603,380.0,5789.0,4.75,93.4375,93.723455,1,0,0
92612,430.0,3545.6666666666665,4.666666666666667,91.05333333333331,90.79076000000002,1,1,1
92624,1824.0,5789.0,3.0,68.49,65.35955,1,0,0
92626,1576.6666666666667,4058.0,3.0,64.04333333333334,61.45421833333332,1,1,1
92627,1908.0,3595.4,2.0,41.388,40.766806,1,0,1
92629,1886.5,3961.0,3.0,63.975,61.143055,1,0,1
92630,1742.0,5179.666666666667,3.5,68.995,67.44031666666667,1,0,1
92646,572.625,4947.75,4.5,89.14500000000001,89.02419250000001,1,1,1
92647,1211.8333333333333,4667.333333333333,3.5,71.96999999999998,69.58122666666667,1,1,1
92648,364.6,4443.0,4.4,91.68,91.63835,1,1,1
92649,716.75,4106.5,4.0,83.58,82.60888750000001,1,1,1
92651,117.75,4106.5,5.0,96.88,96.595205,1,1,1
92653,1460.0,4875.0,3.5,72.465,70.20802499999999,1,0,1
92656,838.25,4563.5,4.25,84.07125,83.2299025,1,1,1
92660,203.5,4875.0,5.0,95.93,95.790535,1,0,1
92661,374.0,5789.0,5.0,93.54,93.9437,1,0,0
92672,1287.8,5174.2,3.6,76.07000000000001,74.140522,1,1,0
92673,718.6666666666666,4155.0,4.166666666666667,84.61,83.44473333333333,1,1,1
92675,1895.3333333333333,4570.333333333333,3.333333333333333,64.26,60.01722,1,0,1
92677,990.0,5789.0,4.0,82.89833333333334,83.06743333333333,1,0,0
92679,740.6666666666666,5789.0,4.333333333333333,87.20666666666666,88.01683666666668,1,0,0
92683,1502.1666666666667,4667.333333333333,3.333333333333333,69.84166666666667,66.667175,1,1,1
92688,830.8333333333334,4764.333333333333,4.166666666666667,84.68833333333333,84.30951333333333,1,1,0
92691,1262.5,5789.0,3.8333333333333335,78.19166666666666,76.94510833333332,1,0,1
92692,615.0,4388.428571428572,4.285714285714286,86.7057142857143,86.13614,1,1,1
92701,2465.333333333333,4635.0,2.4444444444444446,50.620000000000005,48.37313888888889,1,1,1
92703,4412.0,5789.0,1.1428571428571428,23.785714285714285,26.860547142857147,1,0,1
92704,4048.285714285714,5349.857142857143,1.2857142857142858,23.49428571428572,24.06955857142857,1,1,0
92705,1557.5,3351.6666666666665,2.6666666666666665,53.41833333333333,51.601305,1,0,1
92706,2252.75,4106.5,2.625,49.31250000000001,46.96016,1,1,1
92707,3175.5,4106.5,1.125,22.6675,23.33129,1,1,1
92708,345.0,4667.333333333333,4.666666666666667,93.585,93.489265,1,1,1
92780,2732.75,4179.25,1.75,35.78875000000001,33.798705000000005,1,1,1
92801,3087.25,5404.75,2.0,41.85,40.286195000000006,1,1,0
92802,3768.0,5276.666666666667,1.5,27.17833333333333,27.34593333333333,1,1,0
92804,2457.0,4827.571428571428,2.142857142857143,43.59,40.34489428571429,1,1,1
92805,3842.6666666666665,5179.666666666667,1.5,27.545,28.36889833333333,1,0,1
92806,3188.0,4443.0,1.6,29.306,28.89071,1,1,1
92807,706.8,4326.6,4.4,85.204,83.47752,1,0,1
92808,531.0,4764.333333333333,4.0,88.90333333333332,89.42605333333334,1,1,0
92821,1012.875,4490.75,3.625,73.11125,73.41797125,1,1,1
92831,2177.1428571428573,4305.285714285715,2.2857142857142856,44.044285714285714,42.115098571428575,1,1,1
92832,2707.0,5057.8,2.6,49.692,47.29282,1,0,1
92833,1791.625,4563.5,3.0,62.29375,61.23375875,1,1,1
92835,893.5,5789.0,4.5,84.565,83.326385,1,0,0
92840,1610.888888888889,4699.666666666667,3.4444444444444446,67.36555555555556,64.03501444444446,1,1,1
92841,1974.4444444444443,4635.0,2.888888888888889,56.69888888888889,53.12095000000001,1,1,1
92843,1704.0,5020.5,3.25,66.85125,63.6830775,1,1,0
92844,1094.125,4947.75,3.875,78.17625,76.58086625,1,1,1
92866,3668.0,5789.0,1.5,36.64,38.14076,1,0,0
92867,2320.2,3711.8,1.6,34.838,32.50792,1,1,1
92868,2157.5,4106.5,2.25,47.4375,44.0506675,1,1,1
92870,1077.111111111111,4293.444444444444,3.6666666666666665,73.43222222222222,72.21583666666666,1,1,1
92879,1633.1666666666667,4570.333333333333,3.0,59.61499999999999,56.48561166666667,1,0,1
92880,1033.875,4179.25,3.625,72.215,70.86029624999999,1,1,1
92882,1340.2857142857142,4388.428571428572,3.571428571428572,70.17,66.68266714285714,1,1,1
92887,599.5,5789.0,4.5,89.64500000000001,90.115015,1,0,0
93001,2269.428571428572,4910.714285714285,2.857142857142857,56.63999999999999,54.797578571428566,1,1,0
93003,1634.857142857143,3866.142857142857,3.142857142857143,62.44571428571429,58.94269714285714,1,1,1
93010,2084.0,3961.0,1.8333333333333333,40.47666666666667,39.56480666666666,1,0,1
93013,1615.3333333333333,4058.0,2.6666666666666665,55.79666666666666,53.73257666666667,1,1,1
93021,1154.5,4106.5,3.5,70.35625,66.9199325,1,1,1
93030,3987.571428571429,4827.571428571428,1.0,17.185714285714287,19.232327142857145,1,1,1
93033,3862.777777777778,4358.111111111111,0.7777777777777778,13.747777777777776,16.90366,1,1,1
93035,3535.5,5789.0,1.75,38.9275,37.767205,1,0,0
93036,2714.5714285714284,4305.285714285715,2.0,38.19,36.355712857142855,1,1,1
93041,4207.75,5789.0,1.5,27.3125,26.886492500000003,1,0,0
93060,3332.6,4808.6,1.4,29.332,28.580029000000003,1,1,1
93063,2394.333333333333,5179.666666666667,3.0,57.975,56.00852166666667,1,0,1
93065,3043.0,4875.0,1.5,31.7875,33.68202,1,0,1
93101,2266.6666666666665,4058.0,2.1666666666666665,43.245000000000005,39.601641666666666,1,1,1
93103,2829.6,4443.0,2.2,44.248000000000005,43.36541,1,1,1
93105,1816.5,5789.0,3.5,68.62,65.53193,1,0,0
93108,56.5,5789.0,5.0,99.025,98.225555,1,0,0
93109,3548.6666666666665,5789.0,1.6666666666666667,38.7,41.583956666666666,1,0,0
93111,1281.75,5789.0,4.25,77.8575,75.991545,1,0,0
93117,1125.7142857142858,4827.571428571428,3.857142857142857,78.00428571428571,76.52672714285714,1,1,1
93203,3902.714285714286,4827.571428571428,1.1428571428571428,22.292857142857144,23.591382857142857,1,1,1
93210,2596.5,3192.5,1.0,21.3125,22.2973625,1,1,1
93215,2121.3,4135.6,2.4,50.41600000000001,45.824243,1,1,1
93221,2131.8,3711.8,2.2,43.564,39.093136,1,1,1
93223,1902.5,2424.0,1.0,23.71,24.144665,1,1,1
93230,1726.4,3595.4,2.2,45.988,45.222372,1,0,1
93241,3610.0,3961.0,0.0,7.939999999999999,12.999805,1,1,1
93245,1916.6666666666667,4164.111111111111,2.555555555555556,53.06444444444444,50.776821111111104,1,1,1
93247,3235.428571428572,4744.428571428572,1.7142857142857142,32.08,30.84214571428572,1,0,1
93250,3124.1666666666665,4058.0,1.1666666666666667,21.236666666666665,22.676715,1,1,1
93257,3227.8571428571427,3866.142857142857,0.8571428571428571,18.26571428571429,20.12842571428572,1,1,1
93268,2335.25,3192.5,1.5,28.9125,27.0202275,1,1,1
93274,3190.3,4750.4,1.6,30.635,29.751533,1,1,1
93277,2548.1428571428573,4388.428571428572,2.4285714285714284,46.21,42.59245571428572,1,1,1
93280,4814.25,5789.0,0.75,16.8375,19.489275000000003,1,1,1
93286,2511.6666666666665,3545.6666666666665,2.0,36.23,34.49058333333334,1,1,1
93291,3890.5,5404.75,1.375,30.6225,31.94726125,1,1,0
93292,2751.1428571428573,4222.142857142857,1.7142857142857142,33.23857142857143,30.993998571428573,1,0,1
93301,2265.0,4875.0,2.75,53.055,53.240875,1,0,1
93304,4176.125,5404.75,1.125,21.5325,22.635545,1,1,0
93305,4906.0,5276.666666666667,0.3333333333333333,7.381666666666667,12.51103,1,1,0
93306,2283.3,4443.0,2.3,44.78000000000001,41.553597,1,1,1
93307,3164.375,4179.25,1.5,26.3025,25.6497325,1,1,1
93308,3009.5714285714284,4827.571428571428,1.7142857142857142,39.137142857142855,38.32128,1,1,1
93309,2958.111111111112,4358.111111111111,1.5555555555555556,30.765555555555554,29.091746666666666,1,1,1
93311,1929.2222222222224,5041.222222222223,3.0,61.56444444444445,57.91906111111112,1,1,1
93312,1074.4444444444443,4293.444444444444,3.888888888888889,74.99555555555554,72.47164777777779,1,1,1
93314,1461.4,4443.0,3.2,66.31,62.161886,1,1,1
93401,874.0,5789.0,4.5,84.9,84.09797499999999,1,0,0
93405,1133.428571428571,4305.285714285715,3.571428571428572,66.35142857142856,64.82684714285713,1,1,1
93422,1319.0,3866.142857142857,3.142857142857143,60.82285714285714,57.15815571428571,1,1,1
93433,2532.0,5789.0,3.0,56.26,51.09758333333334,1,0,0
93436,2909.5,4490.75,2.0,38.355,37.260905,1,1,1
93442,969.5,3961.0,4.0,78.455,75.89481,1,0,1
93446,1922.4444444444443,3887.222222222222,2.555555555555556,50.81555555555556,47.23996,1,1,1
93454,3180.0,4635.0,1.6666666666666667,33.208888888888886,32.11723111111111,1,1,1
93455,2136.1428571428573,3866.142857142857,2.142857142857143,43.09857142857142,40.60357571428572,1,1,1
93458,4269.111111111111,5105.888888888889,0.8888888888888888,18.5,20.50165444444444,1,1,0
93505,2931.6666666666665,3545.6666666666665,1.3333333333333333,23.28333333333333,25.03152333333333,1,1,1
93514,1760.5,4106.5,2.75,58.105,53.559025000000005,1,1,1
93534,4239.5,4875.0,1.0,16.5075,19.6308375,1,0,1
93546,1509.6666666666667,3545.6666666666665,3.333333333333333,63.89666666666667,58.90645333333333,1,1,1
93550,3553.0,4559.4,1.0,19.404,20.819444,1,1,1
93551,2363.222222222222,4699.666666666667,2.2222222222222223,47.58444444444444,44.63767444444446,1,1,1
93552,3928.222222222222,5041.222222222223,1.2222222222222223,23.4,24.15647111111111,1,1,1
93555,1642.0,3866.142857142857,2.7142857142857144,54.892857142857146,50.65632428571429,1,1,1
93561,2390.4,4443.0,2.6,50.76199999999999,45.850814,1,1,1
93591,4934.666666666667,5789.0,0.6666666666666666,14.756666666666666,18.37866,1,0,0
93610,2152.2,3097.0,1.8,33.95,33.734138,1,1,1
93611,506.8571428571428,3783.0,4.428571428571429,87.97571428571429,87.28058285714283,1,1,1
93612,1836.4,5174.2,3.2,66.748,62.915426,1,1,0
93618,2989.25,4875.0,1.875,38.84875,35.68337375,1,0,1
93619,559.5,5789.0,4.5,90.335,90.7963875,1,0,0
93622,1704.3333333333333,3545.6666666666665,2.6666666666666665,51.34333333333333,46.12441333333334,1,1,1
93625,1501.3333333333333,3545.6666666666665,3.0,56.24333333333334,50.77524333333333,1,1,1
93630,2237.1428571428573,4305.285714285715,2.2857142857142856,45.721428571428575,41.99670714285714,1,1,1
93631,1807.0,3783.0,2.7142857142857144,53.87285714285714,51.25906857142856,1,1,1
93635,3060.285714285714,4388.428571428572,1.7142857142857142,30.608571428571427,29.803841428571427,1,1,1
93637,4103.75,5789.0,1.5,29.11125,28.21933,1,0,0
93638,3971.0,4947.75,1.0,18.325,20.4615825,1,1,1
93640,2595.5,4106.5,1.75,38.68,35.3072125,1,1,1
93644,1717.428571428571,3260.714285714286,2.2857142857142856,47.72285714285714,44.99874285714286,1,1,1
93647,1888.0,4106.5,2.75,51.4975,46.757415,1,1,1
93648,3527.875,4490.75,0.875,19.1125,22.002628750000003,1,1,1
93650,2698.5,5789.0,2.5,53.385000000000005,49.3682,1,0,0
93654,2329.833333333333,4764.333333333333,2.6666666666666665,53.048333333333325,49.08470166666667,1,1,0
93657,2858.875,5332.0,2.375,43.55875,40.8732675,1,0,1
93662,2659.6666666666665,4228.777777777777,1.8888888888888888,34.96777777777778,32.76822666666666,1,1,1
93701,2772.2,5174.2,2.2,42.28399999999999,40.122702,1,1,0
93702,3309.5,5116.0,1.6,34.029,31.81995,1,1,1
93703,3365.0,4570.333333333333,1.1666666666666667,24.225000000000005,24.155185000000003,1,0,1
93706,2494.8,4443.0,2.8,53.00599999999999,51.121564,1,1,1
93710,2690.0,4667.333333333333,2.0,40.14833333333333,37.36297,1,1,1
93711,1849.4,5174.2,3.2,61.504,57.909222,1,1,1
93720,690.8888888888889,5041.222222222223,4.222222222222222,85.4688888888889,85.03057666666666,1,1,1
93721,3041.0,3961.0,1.0,21.31,20.28234,1,0,1
93722,3028.75,4947.75,1.75,38.86875,36.57514625,1,1,1
93725,3477.6666666666665,5447.444444444444,1.6666666666666667,34.66555555555555,33.47150777777778,1,1,0
93726,3066.625,4490.75,1.5,29.84375,30.71826875,1,1,1
93727,3041.222222222222,5041.222222222223,1.7777777777777777,36.26888888888889,35.48003555555556,1,1,1
93728,4999.25,5789.0,0.5,13.6425,17.3262025,1,0,0
93901,2987.0,5057.8,2.0,44.306,41.515382,1,0,1
93905,3534.2,4808.6,1.5,28.114,27.763477,1,1,1
93906,2837.0,3722.25,1.25,26.695,25.6161,1,1,1
93907,3866.142857142857,5266.714285714285,1.2857142857142858,24.37714285714286,25.664427142857143,1,0,1
93908,582.3333333333334,3739.6666666666665,4.0,84.71666666666667,83.98189333333333,1,1,0
93927,4025.8333333333335,4667.333333333333,1.0,16.296666666666667,19.092156666666664,1,1,1
93930,2864.428571428572,3783.0,1.2857142857142858,25.62857142857143,24.908977142857143,1,1,1
93933,2997.833333333333,4058.0,1.5,28.543333333333333,27.79966333333333,1,1,1
93940,1832.8333333333333,4667.333333333333,3.0,59.025000000000006,55.33476,1,1,1
93955,3633.571428571429,5266.714285714285,1.5714285714285714,29.140000000000004,29.175311428571423,1,1,1
93960,3410.8888888888887,4635.0,1.2222222222222223,23.78111111111111,23.838392222222225,1,1,1
94010,205.7142857142857,4388.428571428572,4.857142857142857,95.1,94.78278714285716,1,1,1
94014,3044.0,4827.571428571428,2.0,38.95857142857143,36.48607857142857,1,1,1
94015,1944.4,4808.6,3.2,61.81,58.33138699999999,1,1,1
94025,1764.0,4155.0,3.5,68.34666666666666,69.15743166666668,1,1,1
94041,600.0,5789.0,4.0,89.64,90.80497,1,0,0
94043,1033.5,5020.5,4.0,80.02000000000001,77.7376525,1,1,0
94044,1283.1666666666667,4667.333333333333,3.6666666666666665,73.53500000000001,71.31442,1,1,1
94061,2174.0,5789.0,3.25,62.445,58.87252,1,0,0
94063,2595.875,4418.0,2.125,42.09,41.67734625,1,0,1
94065,274.6666666666667,4570.333333333333,4.666666666666667,92.68,92.11229333333334,1,0,1
94066,2311.0,4827.571428571428,2.857142857142857,54.64857142857142,52.47519,1,1,1
94070,374.8,5174.2,5.0,93.234,93.710316,1,1,0
94080,2216.6666666666665,4058.0,2.5,46.80833333333334,44.24685166666666,1,1,1
94085,2585.333333333333,4764.333333333333,2.0,44.85666666666666,39.68297666666666,1,1,0
94086,1644.75,5789.0,3.5,71.59,70.1628175,1,0,0
94087,336.1666666666667,4667.333333333333,4.666666666666667,92.87666666666668,92.27988166666668,1,1,1
94089,2284.0,5789.0,3.0,60.545,57.72921500000001,1,0,1
94102,5234.0,5789.0,0.0,9.59,15.08596,1,0,1
94103,4755.5,5789.0,1.0,17.85,20.563785000000003,1,0,0
94107,1562.0,4326.6,2.6,52.268,50.914504,1,0,1
94108,1421.0,5789.0,4.0,75.45,74.2201,1,0,0
94109,1796.3333333333333,4570.333333333333,3.333333333333333,64.89666666666666,60.416543333333344,1,0,1
94110,5167.0,5789.0,0.5,10.745,15.2143,1,0,0
94111,5733.0,5789.0,0.0,0.97,5.81122,1,0,0
94112,2411.428571428572,3260.714285714286,1.5714285714285714,30.961428571428574,29.405752857142858,1,1,1
94114,2460.1428571428573,4388.428571428572,2.0,39.52285714285715,38.99619571428571,1,1,1
94115,1770.4,3828.2,2.8,56.55799999999999,54.250646,1,1,1
94116,613.8,4443.0,4.2,84.31200000000001,83.012802,1,1,1
94117,1281.4,5057.8,3.2,65.982,65.997092,1,0,1
94118,773.0,5020.5,4.5,85.995,85.24885499999999,1,1,0
94121,578.75,5020.5,4.5,88.8425,89.4360975,1,1,1
94122,773.0,4155.0,3.8333333333333335,75.58666666666666,75.82465499999999,1,1,1
94123,644.0,4764.333333333333,4.333333333333333,84.31666666666666,83.01789333333333,1,1,0
94127,777.25,5020.5,4.25,83.47,83.01953,1,1,1
94129,,,,,,1,0,0
94130,2119.0,2133.0,0.0,0.66,8.71798,0,0,1
94132,1543.0,4570.333333333333,3.6666666666666665,72.41666666666667,71.34728,1,0,1
94133,1020.2,5174.2,4.0,79.138,77.23266000000001,1,1,0
94134,2901.0,4106.5,1.75,35.6225,33.316115,1,1,1
94303,2563.2,4443.0,2.4,47.562,48.10267166666666,1,1,1
94304,,,,,,0,0,0
94305,448.5,5789.0,4.5,92.255,92.58484,1,0,0
94306,334.75,5020.5,4.75,94.03249999999998,94.1865175,1,1,0
94401,1595.75,4875.0,3.5,70.13250000000001,70.8143325,1,0,1
94403,1870.5,4667.333333333333,3.1666666666666665,62.76,58.87373166666666,1,1,1
94501,306.5,3351.6666666666665,4.666666666666667,92.05166666666668,91.68198,1,0,1
94503,911.0,3545.6666666666665,3.333333333333333,71.84666666666666,68.06681333333334,1,1,1
94509,3254.1428571428573,4305.285714285715,1.0,22.91,23.032658571428566,1,1,1
94510,1322.7142857142858,4305.285714285715,3.142857142857143,64.38285714285715,62.77327857142857,1,1,1
94513,1149.428571428571,3343.8571428571427,3.142857142857143,63.27571428571429,60.16309571428572,1,1,1
94520,3527.0,4875.0,1.25,28.2975,29.604955000000004,1,0,1
94521,1659.8333333333333,4058.0,2.833333333333333,57.553333333333335,55.15212333333333,1,1,1
94530,1104.8333333333333,4058.0,3.5,72.32833333333333,69.05058333333334,1,1,1
94531,3355.4444444444443,4293.444444444444,1.3333333333333333,26.796666666666667,28.00135,1,1,1
94533,3513.8888888888887,4635.0,1.4444444444444444,29.946666666666665,31.401666666666667,1,1,1
94534,1493.5555555555557,5041.222222222223,3.555555555555556,71.90666666666668,70.06361222222222,1,1,1
94535,2149.5,5789.0,3.0,62.870000000000005,60.039625,1,0,0
94536,938.6666666666666,4667.333333333333,4.166666666666667,82.41333333333334,81.56054166666667,1,1,1
94538,721.2,4443.0,4.4,84.60400000000001,83.86703600000001,1,1,1
94539,47.833333333333336,5179.666666666667,5.0,99.08,98.406715,1,0,1
94541,3535.6,4692.2,1.4,28.145000000000003,28.708952,1,0,1
94542,3450.0,5789.0,2.0,40.4,36.16138,1,0,0
94544,3237.0,4106.5,1.0,20.02,20.244035,1,1,1
94545,1820.428571428572,3343.8571428571427,2.571428571428572,51.57285714285714,46.82038857142857,1,1,1
94546,832.4285714285714,4827.571428571428,4.142857142857143,83.99142857142856,83.13599285714285,1,1,1
94550,1048.0,4228.777777777777,3.888888888888889,71.22,69.22897,1,1,1
94551,1857.2857142857144,5349.857142857143,3.2857142857142856,66.62571428571428,64.05704142857142,1,1,1
94553,1842.428571428572,4827.571428571428,3.2857142857142856,64.17571428571429,61.90686285714286,1,1,1
94556,168.2,4443.0,5.0,96.956,96.76153,1,1,1
94558,2262.0,4667.333333333333,2.5,49.55333333333334,48.22956333333334,1,1,1
94559,2648.0,4570.333333333333,2.0,47.46666666666666,46.08722666666667,1,0,1
94560,2814.428571428572,5266.714285714285,2.142857142857143,42.62428571428571,41.19141428571429,1,0,1
94564,3304.5,4667.333333333333,1.6666666666666667,30.945,29.78572166666667,1,1,1
94565,3785.125,4947.75,1.125,21.9575,23.184955,1,1,1
94566,575.1428571428571,3866.142857142857,4.285714285714286,83.09571428571428,82.73736000000001,1,1,1
94568,360.875,4947.75,4.75,93.25875,92.5904625,1,1,1
94577,2844.1428571428573,4388.428571428572,2.0,37.88,36.44264285714286,1,1,1
94578,4433.0,5789.0,1.3333333333333333,23.42333333333333,24.77629333333333,1,0,0
94583,393.3333333333333,4699.666666666667,4.666666666666667,92.36555555555556,92.56133333333332,1,1,1
94586,139.0,5789.0,5.0,97.6,97.08792,1,0,0
94587,1742.625,4563.5,3.25,61.89,58.80540125,1,1,1
94588,233.8,5057.8,5.0,95.724,95.660102,1,0,1
94589,3209.125,4563.5,1.875,37.77625,37.4469525,1,1,1
94590,3926.714285714286,4827.571428571428,0.8571428571428571,17.398571428571426,18.76916571428572,1,1,1
94591,3616.125,4947.75,1.5,26.95125,27.046455,1,1,1
94592,5087.0,5789.0,1.0,12.13,16.834979999999998,1,0,0
94597,486.5,4252.0,4.0,88.925,89.366185,1,1,0
94598,709.3333333333334,4058.0,4.333333333333333,83.88,82.85751833333333,1,1,1
94601,4142.444444444444,4635.0,0.6666666666666666,14.019999999999998,16.174824444444443,1,1,1
94605,2721.0,4033.75,1.75,33.145,35.18429625,1,1,1
94606,2912.222222222222,4293.444444444444,1.5555555555555556,32.74555555555556,33.6889311111111,1,1,1
94607,2115.428571428572,4305.285714285715,2.857142857142857,54.04571428571428,53.41316857142857,1,1,1
94608,3119.0,4744.428571428572,1.8571428571428568,35.80428571428571,36.42210428571428,1,0,1
94609,3128.4,4326.6,1.2,23.284,25.87654,1,0,1
94610,1422.6,3711.8,3.2,59.11800000000001,56.10307,1,1,1
94611,1441.5,4490.75,3.125,61.97875,61.10310625,1,1,1
94612,1493.6666666666667,2327.0,2.0,38.76333333333333,37.700063333333325,0,1,1
94619,3895.8,5057.8,1.4,29.21,29.66896,1,0,1
94621,4400.222222222223,4976.555555555556,0.5555555555555556,12.60888888888889,15.98249,1,1,1
94702,639.0,5789.0,4.0,88.96,90.0751,1,0,0
94703,895.6666666666666,3739.6666666666665,3.6666666666666665,74.16666666666667,71.99451,1,1,0
94704,680.5,3961.0,4.0,83.88,82.91735,1,0,1
94705,1115.5,5020.5,4.0,79.9625,78.81525500000001,1,1,0
94706,331.8,4443.0,4.8,93.17600000000002,93.404214,1,1,1
94709,695.0,5789.0,4.0,87.99,89.12854,1,0,0
94710,912.0,5789.0,4.0,84.25,84.78211,1,0,0
94801,4233.857142857143,4744.428571428572,0.7142857142857143,15.12285714285714,18.65932714285714,1,0,1
94803,2462.75,4106.5,2.0,38.95,35.8849625,1,1,1
94804,3706.2,4443.0,1.0,20.884000000000004,21.644233,1,1,1
94806,4140.25,4947.75,0.75,17.643749999999997,19.942055,1,1,1
94901,2740.111111111112,4635.0,1.8888888888888888,42.48444444444445,41.74641222222223,1,1,1
94903,454.0,5789.0,4.5,92.16,92.687965,1,0,1
94928,2194.1428571428573,4305.285714285715,2.571428571428572,49.94714285714286,48.12374857142857,1,1,1
94949,2262.75,5020.5,3.0,57.685,53.8624325,1,1,0
94952,1397.25,5789.0,3.75,75.86500000000001,75.01675,1,0,1
94954,1985.571428571429,4305.285714285715,2.7142857142857144,52.60142857142857,51.05365571428571,1,1,1
94965,3339.5,5789.0,2.5,42.315,43.992005,1,0,0
95002,2052.0,5789.0,3.0,64.55,60.29319,1,0,0
95008,1477.6666666666667,5789.0,4.0,74.47666666666667,72.94562,1,0,0
95020,1963.0,4228.777777777777,2.7777777777777777,59.50333333333335,56.329996666666666,1,1,1
95023,2465.0,5276.666666666667,3.1666666666666665,57.38,56.33315666666667,1,1,0
95035,934.6,5057.8,3.8,74.15,73.309078,1,0,1
95037,1718.2222222222222,4228.777777777777,3.111111111111111,59.04333333333333,57.33467888888889,1,1,1
95050,1645.5,4667.333333333333,3.0,62.77333333333333,60.49935666666666,1,1,1
95051,1179.875,4947.75,3.75,75.14874999999999,72.45650499999999,1,1,1
95060,1523.6666666666667,4058.0,2.6666666666666665,54.86000000000001,54.02829666666667,1,1,1
95062,1955.0,4305.285714285715,2.7142857142857144,53.99857142857143,51.89505857142858,1,1,1
95065,1250.6666666666667,5789.0,4.0,78.39666666666666,76.27705666666667,1,0,0
95076,3241.333333333333,4293.444444444444,1.3333333333333333,27.447777777777777,27.811517777777777,1,1,1
95110,2484.6666666666665,4667.333333333333,2.333333333333333,42.29833333333334,41.11411,1,1,1
95111,2464.555555555556,4358.111111111111,2.333333333333333,47.37222222222223,44.360568888888885,1,1,1
95112,3654.857142857143,4471.571428571428,1.1428571428571428,19.867142857142856,21.34130571428572,1,1,1
95116,3742.5,4866.8,1.1,24.259,24.489443,1,1,0
95117,2254.0,4875.0,2.25,47.6,45.1405325,1,0,1
95118,1242.0,3649.5,3.25,66.85875,66.07324875,1,1,1
95121,1953.0,5382.777777777777,3.4444444444444446,65.66111111111111,63.58934666666667,1,0,1
95122,1929.875,3722.25,2.5,47.118750000000006,46.91097625,1,1,1
95123,2402.8571428571427,4827.571428571428,2.2857142857142856,49.72714285714285,47.568998571428565,1,1,1
95125,3127.0,5789.0,2.333333333333333,45.98499999999999,46.54248333333334,1,0,0
95126,2016.3333333333333,3545.6666666666665,2.333333333333333,44.98,40.47486666666666,1,1,1
95127,2096.125,3119.75,1.375,31.0025,28.709201250000003,1,1,1
95128,2019.6,3711.8,2.6,52.386,47.94525,1,1,1
95130,705.0,5174.2,4.4,86.286,85.79433200000001,1,1,0
95131,1667.2,4326.6,2.4,48.456,48.367264,1,0,1
95133,1881.428571428572,3260.714285714286,2.2857142857142856,48.66571428571429,46.03262857142857,1,1,1
95136,2513.0,4570.333333333333,1.8333333333333333,41.578333333333326,38.528713333333336,1,0,1
95139,1639.0,4252.0,3.0,63.015,57.45619,1,1,0
95148,1638.5555555555557,4699.666666666667,3.2222222222222223,64.23333333333332,62.27275,1,1,1
95202,2591.25,4033.75,2.0,41.39625,41.2598875,1,1,1
95203,3472.4,4326.6,1.4,32.32,33.969924000000006,1,0,1
95205,3988.555555555556,4976.555555555556,1.1111111111111112,23.224444444444448,24.429693333333333,1,0,1
95206,3868.714285714286,4744.428571428572,1.1428571428571428,21.687142857142856,22.88073142857143,1,0,1
95207,3397.0,5266.714285714285,1.8571428571428568,39.53857142857142,40.40178428571429,1,0,1
95210,3819.625,5332.0,1.375,29.5025,31.279315,1,0,1
95212,2302.333333333333,4293.444444444444,2.555555555555556,50.68333333333333,48.75894888888889,1,1,1
95219,2631.8,5789.0,2.8,54.536,53.17250200000001,1,0,0
95231,5259.0,5789.0,0.0,9.16,14.73868,1,0,0
95240,4020.25,5332.0,1.125,23.113750000000003,23.95657,1,0,1
95252,3691.3333333333335,4764.333333333333,1.3333333333333333,24.86,24.59256333333333,1,1,0
95301,2218.8888888888887,4293.444444444444,2.333333333333333,47.866666666666674,43.94897888888889,1,1,1
95304,3444.25,5020.5,1.75,38.28,39.45875,1,1,0
95307,3137.125,3649.5,1.125,20.555,22.0079625,1,1,1
95313,1375.0,4252.0,3.5,63.925,59.39357,1,1,0
95326,1684.8,3097.0,2.2,44.614,42.086194,1,1,1
95336,2899.6666666666665,4570.333333333333,1.8888888888888888,36.59888888888889,35.58210555555556,1,0,1
95337,2367.6,5057.8,2.8,50.488,48.576488000000005,1,0,1
95338,2117.333333333333,4570.333333333333,3.0,58.580000000000005,54.15676,1,0,1
95340,3008.6666666666665,4699.666666666667,1.7777777777777777,35.917777777777786,34.29406555555556,1,1,1
95341,2260.333333333333,4667.333333333333,2.6666666666666665,51.27333333333333,46.61408333333333,1,1,1
95350,3644.555555555556,5382.777777777777,1.6666666666666667,32.053333333333335,31.26716,1,0,1
95351,4208.888888888889,5041.222222222223,0.8888888888888888,19.99,22.44357111111111,1,1,1
95354,3616.0,5276.666666666667,1.5,32.11333333333334,31.415595,1,1,1
95355,1919.9,4443.0,2.9,59.48,57.027310000000014,1,1,1
95356,2257.6,5057.8,2.8,56.40599999999999,52.160036000000005,1,0,1
95358,2994.375,4947.75,1.75,35.4925,35.60468875,1,1,1
95361,2182.6666666666665,4228.777777777777,2.4444444444444446,46.91222222222222,43.943707777777774,1,1,1
95366,1604.2857142857142,4744.428571428572,3.142857142857143,63.271428571428565,61.52633714285714,1,0,1
95367,2380.833333333333,4058.0,2.0,38.973333333333336,36.86904333333333,1,1,1
95368,2515.25,5020.5,2.5,50.155,44.7637125,1,1,0
95370,2215.0,4326.6,2.4,46.968,45.467142,1,0,1
95376,2714.625,4563.5,2.0,39.0525,36.40985,1,1,1
95380,2940.8571428571427,4305.285714285715,1.4285714285714286,29.26285714285714,27.870671428571427,1,1,1
95382,2683.0,4827.571428571428,2.4285714285714284,47.92428571428572,45.944564285714286,1,1,1
95388,2477.0,5174.2,2.6,52.884,47.553554,1,1,0
95401,3247.2,5057.8,1.6,34.553,34.153020999999995,1,0,1
95403,3522.8,5174.2,1.6,29.202,29.041952,1,1,0
95404,2781.1428571428573,5349.857142857143,2.2857142857142856,47.23428571428571,45.750137142857135,1,1,0
95405,1564.8,4443.0,3.0,61.95399999999999,58.6438,1,1,1
95407,3576.0,4947.75,1.125,25.99625,26.2475625,1,1,1
95409,944.6666666666666,4667.333333333333,4.0,81.67166666666667,79.95629666666667,1,1,1
95422,5393.5,5789.0,0.5,6.83,11.393365,1,0,0
95437,2133.75,3192.5,1.5,29.805000000000003,28.85,1,1,1
95476,2913.625,4563.5,1.875,35.33875,33.86163875,1,1,1
95482,3836.8333333333335,5179.666666666667,1.0,23.541666666666668,24.59974166666667,1,0,1
95490,2673.75,4106.5,1.5,34.5225,34.514405000000004,1,1,1
95492,2065.8,3711.8,2.4,42.24999999999999,38.178002,1,1,1
95501,1966.6,2980.6,2.2,43.838,42.633894,1,1,1
95503,2426.833333333333,5276.666666666667,2.833333333333333,56.97,56.94991166666667,1,1,0
95519,1641.75,4106.5,3.0,61.0925,56.7181475,1,1,1
95521,1540.375,3961.0,2.875,59.35,57.1465375,1,0,1
95531,3119.75,4106.5,1.25,28.2325,28.204,1,1,1
95540,2429.6666666666665,4058.0,1.5,36.431666666666665,34.69965666666666,1,1,1
95603,2076.0,4058.0,2.333333333333333,44.55833333333334,41.972095,1,1,1
95605,4447.666666666667,5789.0,1.0,23.166666666666668,24.17152,1,0,0
95608,3415.75,5404.75,1.875,37.425,36.74377249999999,1,1,0
95610,3445.4,5057.8,1.8,32.04600000000001,30.546280000000003,1,0,1
95616,743.8333333333334,3961.0,4.0,78.62833333333333,77.93233333333335,1,0,1
95618,518.0,2715.0,4.0,80.92,78.5269,0,1,0
95620,2584.1428571428573,4305.285714285715,2.0,40.27285714285715,37.523402857142855,1,1,1
95621,3090.5714285714284,4827.571428571428,1.8571428571428568,35.714285714285715,35.05395142857143,1,1,1
95624,1813.0,5041.222222222223,3.333333333333333,64.54444444444444,60.934855555555565,1,1,1
95628,1152.6666666666667,3351.6666666666665,3.0,60.01500000000001,57.26693,1,0,1
95630,782.4285714285714,4305.285714285715,4.142857142857143,78.12428571428572,77.71224714285714,1,1,1
95632,1784.375,4033.75,2.875,54.651250000000005,51.44071375000001,1,1,1
95648,1602.8333333333333,5276.666666666667,3.5,69.58666666666666,66.30093666666666,1,1,0
95650,769.0,5179.666666666667,4.166666666666667,84.99333333333333,84.74587333333334,1,0,1
95655,2671.5,5789.0,2.5,53.85,53.77155,1,0,0
95660,3417.0,4875.0,1.5,29.18625,27.86756875,1,0,1
95661,1110.8,4443.0,4.2,79.5,77.95938,1,1,1
95662,1376.571428571429,4388.428571428572,3.2857142857142856,66.75857142857141,63.18346,1,1,1
95667,1122.8,3213.4,3.4,67.13000000000001,61.98625,1,1,1
95670,2772.0,4305.285714285715,1.7142857142857142,33.49,32.94685285714286,1,1,1
95673,2200.333333333333,4155.0,2.333333333333333,50.19833333333333,47.572471666666665,1,1,1
95677,873.5,5276.666666666667,4.0,83.39666666666666,83.54422833333332,1,1,0
95678,2190.285714285714,4305.285714285715,2.4285714285714284,46.93142857142857,44.09354428571429,1,1,1
95682,917.6666666666666,4155.0,3.8333333333333335,80.10833333333333,78.447755,1,1,1
95683,636.0,5789.0,4.0,89.01,90.11751,1,0,0
95687,2629.5714285714284,5266.714285714285,2.4285714285714284,53.49857142857143,50.14625142857143,1,0,1
95688,1726.5555555555557,4635.0,3.0,60.67222222222222,56.90399000000001,1,1,1
95691,1871.8333333333333,5179.666666666667,3.1666666666666665,63.673333333333325,60.805351666666674,1,1,1
95695,3412.714285714286,4910.714285714285,1.4285714285714286,31.26142857142857,29.69824,1,1,1
95713,1536.0,3961.0,3.5,69.62,66.081485,1,0,1
95747,906.875,5404.75,4.375,83.715,83.84941125,1,1,0
95757,802.1,4077.4,3.7,78.80199999999999,77.96462900000002,1,1,1
95758,1792.111111111111,4635.0,3.0,60.39999999999999,56.04538888888889,1,1,1
95762,677.5,5789.0,4.5,88.29499999999999,89.052375,1,0,0
95765,904.625,5404.75,4.375,83.81249999999999,83.88023375,1,1,0
95776,2220.5,3961.0,2.5,51.295,46.992655,1,0,1
95814,2722.0,5789.0,3.0,52.98,47.70048,1,0,0
95816,873.5,4252.0,4.0,80.845,79.61481,1,1,0
95817,3733.25,4875.0,0.75,20.3025,21.85204,1,0,1
95818,2102.25,4033.75,2.5,50.49875,49.282105,1,1,1
95819,609.75,4875.0,4.25,85.975,85.1565275,1,0,1
95820,3414.5,4418.0,1.625,27.435,27.77829625,1,0,1
95821,2612.428571428572,4305.285714285715,2.142857142857143,42.540000000000006,40.84015142857142,1,1,1
95822,4381.666666666667,5789.0,1.1666666666666667,24.31,27.040388333333336,1,1,0
95823,3551.1428571428573,4827.571428571428,1.4285714285714286,25.965714285714284,25.450217142857145,1,1,1
95824,4104.333333333333,4764.333333333333,0.6666666666666666,13.396666666666668,15.86734833333333,1,1,0
95825,4006.4,4326.6,0.2,6.746,11.747208,1,0,1
95826,2578.333333333333,5276.666666666667,2.833333333333333,51.321666666666665,46.49017166666667,1,1,0
95827,3165.1666666666665,3961.0,1.3333333333333333,28.186666666666667,29.388091666666668,1,0,1
95829,1406.8,4443.0,3.6,67.97200000000001,63.399468,1,1,1
95831,2903.1666666666665,5179.666666666667,2.1666666666666665,46.56333333333333,46.39676833333334,1,0,1
95833,3371.0,4947.75,1.625,32.90375,32.61804625,1,1,1
95834,1649.875,3576.75,2.75,52.21000000000001,50.28986,1,1,1
95835,2218.428571428572,4827.571428571428,2.7142857142857144,52.51571428571429,49.97775571428571,1,1,1
95838,3308.0,4222.142857142857,1.2857142857142858,27.051428571428573,27.00390285714286,1,0,1
95841,2907.0,5789.0,2.0,49.78,44.53171,1,0,1
95842,2896.6666666666665,4667.333333333333,1.8333333333333333,39.12166666666667,36.23358666666667,1,1,1
95843,1969.555555555556,4228.777777777777,2.6666666666666665,55.87222222222223,51.68126000000001,1,1,1
95864,1715.142857142857,4305.285714285715,3.0,62.01,60.48582428571429,1,1,1
95901,2906.714285714286,4910.714285714285,2.142857142857143,41.32285714285714,39.40145142857143,1,1,0
95926,2098.0,4155.0,2.6666666666666665,54.89500000000001,52.57641833333333,1,1,1
95928,2053.0,4764.333333333333,3.0,61.45499999999999,60.07259333333334,1,1,1
95945,1966.8333333333333,4667.333333333333,2.6666666666666665,56.583333333333336,51.88229333333334,1,1,1
95949,1352.2,4443.0,3.6,69.804,66.313106,1,1,1
95953,1675.1666666666667,4058.0,2.833333333333333,56.946666666666665,52.10477333333333,1,1,1
95954,,,,,,1,0,1
95959,1677.0,4570.333333333333,2.6666666666666665,52.43666666666667,51.53384333333333,1,0,1
95961,2961.4,4750.4,1.8,38.36299999999999,38.215102,1,1,1
95965,3266.333333333333,4764.333333333333,1.3333333333333333,29.81,28.74998666666667,1,1,1
95966,2745.0,3545.6666666666665,1.3333333333333333,26.95,26.159876666666666,1,1,1
95973,2515.0,5789.0,3.0,56.56,51.58043,1,0,0
95988,3151.4,3711.8,0.8,18.048,20.084252,1,1,1
95991,3383.222222222222,5041.222222222223,1.6666666666666667,31.865555555555552,30.298674444444444,1,1,1
95993,2375.285714285714,4744.428571428572,2.2857142857142856,47.55285714285714,46.939368571428574,1,0,1
96001,2877.0,4875.0,2.0,38.47,37.59997375,1,0,1
96002,1938.142857142857,3866.142857142857,2.4285714285714284,47.82714285714286,43.95493142857142,1,1,1
96003,2053.25,5020.5,3.0,61.6675,58.8013225,1,1,0
96007,1668.2,3097.0,2.6,50.91,48.216116,1,1,1
96021,3074.875,4490.75,1.5,30.5425,30.4939375,1,1,1
96080,2262.0,4910.714285714285,2.7142857142857144,56.06,51.73834857142857,1,1,0
96097,1199.6666666666667,2327.0,2.6666666666666665,48.25333333333333,42.99176,1,1,1
96130,1985.2,4443.0,2.8,54.472,51.322872,1,1,1
96150,2374.5714285714284,4305.285714285715,2.142857142857143,44.20285714285715,41.321665714285714,1,1,1
96161,997.2857142857144,4305.285714285715,3.571428571428572,72.13571428571429,70.72394285714286,1,1,1
